customer_id,credit_score,number_of_credit_accounts,total_credit_limit,total_credit_used,number_of_late_payments,bankruptcies
819c2e41-df3f-4484-893d-a5539359dda1,408,10,44482.93,30675.69,0,1
5e1182c7-536c-4bd5-ba0d-85f586537b3b,452,2,42876.91,18169.04,2,0
7da3811c-fa7a-4e1e-a0ce-6fa0f47d1083,766,5,26012.63,18647.9,3,1
38ca0599-f9b8-4cb8-b7ba-e6a2303c075d,624,6,21815.75,180.27,5,1
85685b56-c150-446d-84ec-f78dab39f409,644,6,40534.97,7394.64,2,1
81f27ed6-200b-4072-b5e3-1297b870678a,361,1,23977.39,17286.94,2,0
c98494ce-5652-4f9e-a06b-f29d55921e9e,577,3,24822.92,13576.59,2,1
025a1570-5216-47d8-add7-7302e75d84b7,515,3,25566.67,13888.13,4,0
35fd3150-5245-4379-8824-0c2520b89c45,579,5,11219.27,7585.98,0,0
11eb811d-f6d5-4fe1-a5ce-4680335aa286,686,9,33533.04,15747.76,4,0
4126e395-bb95-4a0f-9d28-794f33082833,744,10,46407.89,45485.74,1,0
fe49a068-2b95-4df6-ad1d-7c16d25f98c6,429,8,18168.92,12123.01,2,1
c39cf5c8-31a0-42af-9321-186db23b97d3,693,4,25309.57,6205.35,1,0
8988ebfe-3e26-40cc-8d53-acde952cc93b,673,5,25513.76,16742.65,1,0
fc3b2754-1ae9-4522-b5f9-e1adb76d299b,396,7,24440.09,10622.19,0,1
98a708cc-468e-4cde-9bb4-0bdadb836849,632,2,43394.45,7437.14,3,1
92d5bf0d-33b8-4541-93a5-0463271685c1,391,9,9933.61,2970.87,5,1
94017fcc-da34-465d-85a6-11d76f440903,768,7,38599.5,8141.6,4,1
19869852-aced-4b01-8261-aa1657237953,396,4,45701.37,44439.96,2,1
cbc3ff95-16fa-44b4-ac43-1d94e39d7cbb,775,2,15350.7,7991.38,4,0
e32310a9-2021-4fcb-b93f-a56790679086,693,6,8157.55,4334.46,3,0
6408c6db-bebc-42bc-8b07-d7bb0aeb92a5,798,7,6715.14,949.8,4,1
24d536c1-4614-4aba-8108-964c4060b096,520,3,48451.74,14160.2,0,1
cf3f9e28-5d92-4aad-9167-553e07dfb770,461,4,42791.39,18250.93,5,1
74a4a878-b7a8-4230-988b-372fe822fd90,309,8,17430.56,10493.73,4,1
6e7b03f3-4309-4b0f-bef1-84fc8cdd0ace,747,6,6872.0,2218.55,0,1
fefefe73-ce45-4b82-a7fe-9adafc6fe547,693,10,13730.94,12245.01,5,0
82e13eb6-39ec-49e6-9a2b-aa6b41b2b8c3,379,9,25341.43,21420.59,3,1
037c92c4-dca2-4256-b64d-613e73c814c4,638,4,24268.71,17308.22,0,0
e441580d-130d-4093-b22a-d77ad9cec8ff,823,10,25608.15,20833.38,2,0
c3ea146c-dbde-4b7b-bd7b-61001e63b682,335,4,28417.22,26824.2,4,0
e9581170-9086-4f00-8215-ba05e58c8082,453,9,4469.57,1908.13,5,1
34f87451-94b9-4ba1-b4f1-c4c47bb8b5e3,531,10,37261.47,15409.77,5,0
af99ace2-87ff-4f24-8f03-099da1528a65,800,7,19904.83,18778.09,3,1
41cf6160-4a2f-45f8-9d3f-e15cfe2943b2,458,7,26601.44,23756.54,1,0
b8666c36-265d-4d74-805b-af00b83d66eb,436,10,10848.64,5850.57,5,0
c7eedf4f-2190-448e-b33c-cb14d33a956e,482,8,48452.54,3630.97,1,1
e1fb1fb4-0eaf-4508-9d3c-a4dfdd713122,436,7,24902.24,5406.79,2,0
b281f109-74be-4585-9655-ed14ae127693,508,10,25457.51,24224.05,4,1
233c8c00-f0c6-4609-941c-2b2bb3693056,631,9,40235.13,24166.11,5,0
36d28ac5-26b0-48f2-beb2-e8f4057c7ae4,608,6,11523.0,5159.0,2,1
aafcbcef-3b84-4dd3-9217-b2519c8789fb,694,1,37863.52,26772.6,0,0
a8c00c26-e24d-4009-98d5-fe0d40b6e099,664,4,20027.79,19940.25,0,1
b6d6c2ba-1c74-4d37-9ab9-90a97f5086e0,343,4,15519.77,1626.06,4,1
c63267b3-507c-45e8-b4dd-7dbde6e6821c,701,6,34927.06,21294.06,4,1
8f009dbb-7215-470c-98ff-e0f16528ad08,563,4,1723.09,1662.09,1,0
dbf5ba9c-7efc-47e9-953e-378d8fae38a4,637,10,25657.87,24625.46,2,0
8024a77e-8dce-424b-99c6-89c5fca98ab1,722,10,18702.2,2876.46,3,1
f1a66ae7-c99f-475c-bae4-7a20ad15283a,836,1,29396.57,1612.46,0,1
f4e47265-babe-423a-95ca-f28668c6ecbc,826,2,26528.92,9057.01,4,1
da9981b9-424f-4919-a766-5a4a7ea14219,838,6,42795.15,19048.18,2,0
70923b0c-ac18-4ebe-9919-c73a8f541bd8,543,6,15016.51,8195.26,0,1
6fca55c2-11c7-44ce-acba-61d3d626aed7,421,1,14611.34,5717.74,4,1
6d003719-5046-4acc-b78b-5b9f997df3cd,705,9,41927.23,6610.98,0,0
966f90ff-9a05-4e74-86d5-dddd172de084,609,3,26819.5,18195.89,3,0
db28a327-db94-4bda-ae07-135b274370df,314,8,10942.68,425.52,3,0
a4755852-8b51-4eb7-9de2-2c4beec57328,812,3,12524.56,12189.39,4,0
e0781ff8-681d-47f3-a5bd-4f955889242c,661,4,29015.0,4500.71,0,1
81a9ac73-d488-4420-8cf8-60dd614a2c74,423,1,36774.69,30238.67,2,0
c9f0e7fb-fcfd-4282-a724-bd67df85bfe2,741,3,4737.07,886.83,2,1
e074f553-4466-4f27-b47f-760199a6ac6b,716,3,16061.07,11681.03,1,0
dc92aad1-40fc-479f-ad8c-042a14da5706,641,6,43536.29,315.33,3,0
172f5750-2f4e-416f-bd8b-e32f5a37bc21,306,3,1367.53,410.12,2,1
c1daa51c-4b25-4c2c-a7b3-e3e81aa2eedc,346,4,6454.63,1192.6,3,1
23899793-70ed-4e3f-8ace-aa4e44607bf9,831,7,15437.03,9305.95,4,0
d7f0a33d-e417-4056-aed0-57ede47ee282,450,9,39433.24,22169.61,3,0
b3f4015f-a6a3-43c1-be4f-803c1a35d751,639,3,20042.89,19515.71,3,0
586fe0f2-8afc-424d-abee-6aefbd7835dc,362,3,21544.66,8550.42,4,0
fc4f95e2-2203-4e02-887f-840e57aa1347,569,8,20047.69,6957.11,5,1
0438f5a0-9947-45b5-999d-76451dd413a3,823,10,25546.15,2390.13,1,0
28d00a0b-4f8f-42cb-8ba6-25f1381110ff,659,8,40345.22,16955.7,1,0
a1da1697-903a-4b0b-882d-db6f88c0bd14,475,1,36420.3,21788.91,2,0
cdb30c28-ee8d-460d-bb00-baf7210324d9,794,1,47972.83,37539.63,5,1
f2506ba4-fc4e-46e3-9752-00b59a7c8c0d,438,9,48223.97,47638.26,0,0
35a29ac8-8da4-48a6-bfd8-d4ddb2a069df,491,7,33401.15,9116.74,4,0
a790f172-9fbe-4c81-b72c-02d8ffc5f3ba,564,8,45925.99,6098.17,1,0
288d25c8-25f8-4063-b6e5-514a93bff2e3,548,8,22316.05,8288.66,4,1
c6dc67d0-563b-4d85-a5d7-ff92d8cf36e3,565,8,29285.43,27344.23,1,0
6d243a36-defe-4968-892a-d5b3e4424cd0,567,1,22773.18,20724.75,4,0
e2bcef11-43e7-4342-bafe-10a224b66ae1,608,4,17960.58,7400.37,5,0
d622e7ea-b7b0-4138-97ed-b4fccaf4c5a1,305,1,24426.7,18117.98,5,0
7176640f-5d12-4065-878d-aaf9a062e595,681,2,36295.79,24190.37,2,0
0dd3391b-f9f1-4876-9ecf-4420db3b73eb,807,4,20048.57,8945.04,2,0
8f18e4c8-8ad7-470a-915b-f22a1a6ba71d,615,7,23381.88,7730.1,4,0
0927a619-63ba-45db-8b22-edc6e8fdd4b7,674,10,29199.16,5271.81,3,0
3728b3cb-d2e0-4a7e-9544-4d84931eef08,564,9,10332.19,9856.41,3,0
78cbabde-fc52-4105-b48a-12f3e2d76e47,614,2,44259.58,1724.03,3,0
6a489351-d7f8-48dd-92f4-fde858c43d14,480,7,14159.08,13764.68,0,1
384a0404-30ea-4e5d-8206-9708f87b4e07,305,9,40763.65,11705.4,2,0
b44b685c-40c3-42da-a886-fb9a256735a0,384,1,21214.47,20271.55,0,0
831f8fec-3105-45bb-82d4-1eef5220ee85,551,8,5777.77,5433.22,1,0
561152c8-dc1a-4343-ade9-8e7ba165c571,724,9,12354.31,7014.91,5,0
498391f8-9136-4d1e-886d-79f160d4a9ed,647,2,22704.69,2740.05,0,1
9fd61270-5aaa-4f53-8cbe-ff2d15b1dccb,748,9,48093.68,4117.88,1,0
39b21f6c-af03-45a9-98ac-ee5faa1c897a,692,7,5254.14,663.44,4,1
43fab5af-a6a4-4f57-a2f2-43a797a162fb,396,5,9010.98,2317.7,3,0
b64270a7-ce2d-4d65-af21-63fe3aeaefab,705,9,27245.72,17573.56,2,1
300aefdb-130e-4a1d-8f2d-a3adff32ecf8,302,7,21805.45,13211.71,1,1
ca033abb-73b5-42b6-96d6-282766edbe15,580,4,44137.59,21813.62,4,0
31c1e683-ffe1-4948-b415-b01e77019c4c,359,2,27686.98,3608.71,4,1
7f6ead0c-81aa-4ec4-9043-d5137dd2f717,510,6,8706.35,4647.79,3,1
f0440ff3-3239-4008-bcd2-51d3e2e81129,714,2,43195.16,32676.95,5,1
c7f98eb2-c4d0-4ce4-89b1-23ff172a4403,572,5,16143.07,3104.91,5,1
8ed6ece1-69f0-4249-9e1a-1bfcc47f59c7,781,6,26443.38,25389.53,2,1
ff7fbf62-7d73-4362-a22b-6441506e02a3,762,1,21305.35,3542.77,4,0
0f9b438a-4ab5-4072-a8f9-e1deccf93e71,633,4,24704.26,7102.19,5,0
8c91b86f-ca1a-47ad-9475-962fc4f4e753,803,6,8561.41,4965.36,5,1
f99e7fdf-49e2-4419-9bf7-253937786d21,630,2,32881.8,18315.06,1,0
57f288d2-ec8e-4552-a0ce-7126b4c92002,606,8,40804.01,9455.88,3,0
cd092995-7a34-42b3-b78e-810ef5a4e457,618,10,20113.88,15365.15,0,1
5e5e20a5-70ad-4649-a686-4553f9fb6e79,714,7,32998.34,28422.93,0,1
9e41331d-ed8e-47df-ba9a-4e4af1fcd606,749,9,23703.69,5181.91,2,1
55121b31-2fd5-4059-a47b-988a71d9fb7e,717,5,7451.6,5613.24,1,1
6cc58d07-0c29-4a16-8bdf-d635349e466d,459,9,41829.27,20248.61,4,0
f4a78c8e-d4e5-49ac-b682-1c75db5cb7b4,790,2,18827.99,6026.77,4,1
c3fe8e30-32f5-41f8-8e5e-0c0d803fabbb,630,3,40958.16,17786.47,3,1
6587c22e-085a-47b4-aaf7-ab522ef161cf,504,3,19919.46,15509.88,1,1
3c13f4f5-93e8-49ab-8d9c-1258a9e743b7,827,9,9904.76,9311.54,3,0
a7d47ef4-10c3-4712-bf7f-654cf9cfb132,584,6,30128.16,19905.18,2,0
b6e2057a-cc77-4c11-a23a-fcfd0abc72ff,451,9,1127.01,825.72,5,0
9af7ea2b-a851-4000-ab52-1660dcaecce0,407,10,24023.28,219.68,0,1
82bd0cd2-e1cc-4cc5-b231-afcfe97c7e39,382,1,16021.84,4772.35,2,1
eb405633-c12a-4bb9-818a-99ccede5db89,637,5,8985.42,135.81,0,0
35866cb5-7807-451b-9921-d5d2a93ade8a,768,2,32751.94,6070.66,3,1
5f70faf5-db0a-434f-b9a7-31bf2dd106d9,519,3,23076.5,13565.99,3,0
461bddfd-8c78-475b-8023-1a0a31149ab9,719,8,7516.01,5748.11,2,0
faa0472b-1110-4cce-8562-59bc5695ac29,808,2,20998.31,3766.52,4,1
8cccb242-2230-4414-977c-5886ca273f2f,691,9,45463.06,38267.67,4,0
d2105744-1a30-4bd7-ab6a-3359bdb26cbc,451,3,3286.84,2411.53,3,1
c259165c-131b-4edf-996e-367feb4f2b1d,574,3,47783.76,3997.92,0,0
3f1b54df-64af-4900-a9c0-c9335d99c4d8,667,2,5631.16,2060.34,5,0
4a358620-076b-40db-8cc4-f63c2737236f,588,8,35363.66,17156.41,0,0
82d13761-9c9f-49b6-9af1-1540e87dcfc6,828,3,49709.54,23819.08,0,1
8d8c1f12-8b3b-4cfc-864b-21c07fee8324,686,10,7432.66,1187.6,4,1
96bd64aa-33cd-48ad-a32b-4d4bb43624df,530,3,37937.75,25297.62,4,1
a99ed770-bcf6-464d-8cfe-efaf25f6ce78,317,2,46069.39,45927.7,5,0
8b6b05ef-4804-453a-8704-0937018d9f5c,453,9,31954.75,20432.43,5,0
45718beb-185c-461f-b678-634e9022f9f2,488,8,28555.67,8562.04,4,0
d34c66f3-2cd8-4e01-857e-2f4c55e73c73,512,6,17051.0,14881.61,0,0
24682588-2333-4e87-95e5-5c678e7c4e54,443,2,11404.68,1784.41,2,1
bd2ed8fc-2897-4689-8715-cbf458692a1e,605,4,15984.6,5276.97,1,0
f6a13390-4bd3-4d94-98db-253813d3f65e,566,9,42475.56,2913.36,3,0
2a211375-041c-4971-9f75-e14422b22aae,599,4,2394.56,470.95,3,0
0b427658-2bd1-45e7-9f2b-c14e592807ad,822,1,5306.65,3604.52,4,1
aae27ebc-2357-471d-b55c-a848cbd863cc,463,10,7529.01,4796.69,1,1
74967ca6-298d-46f8-860c-e710490b5875,555,9,22325.09,11201.13,0,0
c6a4b6cc-bfb8-424c-bf30-0c507c22bf8f,411,5,12647.76,9703.65,1,1
ea89699e-5ba5-473c-921b-cc44455ccb43,821,4,15206.78,2775.08,0,0
9bd0aaa5-5224-4e53-8708-d542a1c2a93d,808,2,13920.08,11864.83,4,0
f70c3f2a-c817-4b59-b2be-75d4d91add9f,572,8,19642.02,5584.71,4,0
266e90fa-a81c-4005-9e52-5d2a19ff4178,846,9,39013.78,14434.23,4,1
a46f95cd-8baa-453b-99c3-6357c265a61a,563,4,6165.15,2579.42,4,0
02f1ffdf-1dc3-4511-81de-fe61e8ce28b5,580,3,34996.56,5245.29,0,0
fe57dbbd-da7a-43a4-b2f4-7b68d5502769,424,8,27194.96,20432.52,5,1
ea575767-92ed-4844-95ac-592fb2e2d99d,620,8,4155.09,1076.31,5,0
7afb13ae-f383-476c-b96d-305c07872c8a,748,3,25430.66,9738.74,1,0
e0ba604f-527d-4709-a57a-c93c7a60533a,442,5,12590.02,10300.35,2,0
fa27acd2-013f-47ba-8b1f-602cc09cbe7f,328,6,5479.83,3219.58,0,1
34264b13-d8da-4677-afd9-9991ff4030aa,425,4,18558.27,1984.26,2,0
818fc434-d0fc-4ba9-981f-1f3e766deaaa,695,3,34615.32,1617.26,1,0
e3cd41d6-24bb-438c-9046-a0efc692f421,513,3,2541.35,1391.42,4,1
bc8955b0-d7b0-4438-91ba-7b05ab1427f4,419,10,37435.19,34144.43,3,0
5fdb489f-97fc-4d75-a60d-07751a990bd6,393,7,27923.78,10991.16,0,1
c8a4b19a-fd3f-44b0-b886-632b48986331,626,7,33833.75,4206.69,3,1
16b06b8d-df9e-44a5-8821-0f7cc47d6683,472,3,24220.13,7024.81,2,0
5981d7b5-d145-4575-96ad-a273e56310f3,752,3,20705.69,1118.45,1,0
25312ca0-a62c-4fe2-b06f-3bb019eb7857,802,2,9893.7,6528.29,1,1
7ce88c8f-14a3-4839-8a3d-5aff66ffdb39,482,7,47253.9,33581.48,0,0
251655a7-a4b8-4c35-95c5-4d27a0757296,458,5,21300.25,19537.91,1,1
9a391284-81eb-403a-9669-b8f8f2dbfc51,473,10,46561.52,27551.19,2,0
0e3a47be-bb77-44e9-aa9c-984983841cba,535,7,8422.02,8286.35,1,1
decb9c96-64db-4bdc-aa6d-a7245c568474,827,9,11754.03,11246.43,4,0
3179a7da-99a6-4fa8-b0ef-93c7be9432d5,485,8,2333.43,287.74,2,1
be60c450-25e0-485b-9ddc-b754fff14e4a,760,9,48249.31,12820.53,5,1
871119dd-bc39-472c-8d4f-eb615f16ca23,631,4,40455.28,18852.6,3,1
b51e3539-d080-4942-bbb0-28e202d5118b,667,10,34766.94,24146.27,1,1
25c5f908-60c4-40ce-9301-49acdc3eded8,687,10,7958.81,2501.45,4,1
0d6af8ce-1ad8-4359-9187-292f8513a32c,806,5,9037.41,3719.92,2,1
c7a2ef33-7a89-4537-9f7e-1fdfa0d5ff2a,573,3,23800.68,3256.74,2,1
eb123472-80dc-4242-af81-8e46f5650ea4,555,2,18800.34,8606.05,5,0
014630ed-f26f-4d38-9864-8de8f698b1c5,762,7,33714.06,14082.09,2,1
4bf515a7-9463-4b02-a99d-d83c41e27e51,477,9,42245.61,12215.61,3,1
f7a01124-ae9c-47d3-a394-d7a6eca630a7,557,6,28275.82,22483.45,0,0
d68093e7-5ee7-4a83-9440-f4a7c3fa3cd8,409,2,35079.02,7172.89,0,1
65a2b145-b704-4658-ab9f-01c5237758eb,782,9,46076.01,16926.01,3,0
d8433464-855b-45df-bcd7-3a48c1f91d20,335,10,4504.98,649.51,5,1
8a8ba386-9cf3-4bed-923e-2ab3e6fb5575,612,6,5415.96,5382.85,3,0
adf417f5-702b-4531-b5c7-dfbea9b9d95c,387,7,16244.89,4810.25,3,0
fe9d1125-b83a-447b-8736-2065ba06f68c,464,9,10446.52,3947.3,2,1
92521952-8725-485e-91d7-d99bb7e3f380,475,5,17435.8,9146.45,4,1
e7cf739b-b4eb-4e18-ab87-29caff4ddd5c,405,3,37326.86,554.86,2,0
6ad92f7d-2f42-4969-ac90-abcd26144792,465,6,6268.23,1737.5,1,0
d7eb30ab-5ca4-4124-93dd-cdf1e1769d38,674,8,35156.41,13873.8,4,1
59a015e6-e6e5-43c1-897a-70ca6565eed3,575,5,15965.18,7105.66,3,1
39882dbb-cf36-4977-87ce-57c4f852448d,691,7,37471.37,35822.85,0,0
a47858fe-d79d-4d14-82ab-18fce7b051db,413,3,16578.17,7206.92,3,1
fcc88d31-604c-41e8-8b4a-46f88c6f0720,611,4,28155.91,12705.85,5,0
a8ea4660-77f6-4802-af8d-25efcc778c09,591,10,35780.15,25376.28,2,0
4ab703f5-baac-4517-9080-550c251a2025,810,9,44347.23,31050.25,5,0
233ab902-411a-462c-8623-25d6615b393e,661,2,19268.16,7685.37,2,0
209d4a14-a54b-4788-98e5-0e314dce270e,509,4,42626.29,26580.22,0,0
097a3e27-9dc6-407a-abaf-aa9be8a29bad,798,3,5200.72,5130.65,5,1
7fd62cca-47f7-4891-bbe1-278f3f67271f,728,9,6776.17,4952.98,0,1
723d2250-b2a3-4cd3-99bd-82e7f8d42acb,455,2,35548.49,15710.54,5,1
99ff091d-10f5-426d-afea-ae27d98c9fc9,693,5,40245.37,1257.01,2,0
471e765c-e3c8-4eaf-b4e0-2675741beda3,741,3,46402.51,42550.16,1,1
a8e9f868-e10b-456d-8c99-1b7d3817ecfb,759,9,30587.28,20582.11,3,0
bdcd1d93-3d5d-421a-bd83-831088f12d4b,589,2,41320.87,18509.48,3,1
cea0888b-a800-46c6-86d7-a2c9f5124b1e,418,7,11355.76,9097.61,4,0
a1b3744b-9604-4512-94e8-e03f9b285065,424,9,4028.61,1981.43,4,1
cb7dc6da-9f03-4e81-a7b7-8d9b0be1ffc9,631,9,38855.11,29618.37,4,0
e12da618-0cba-462f-86a6-972610501c6b,465,10,49440.05,36639.06,3,1
ffd00e47-0343-4c6a-9190-cfb11e3b25de,542,6,48319.71,39781.09,0,1
a1dd238a-e8f9-4e53-94d0-03a4003e1683,473,6,2338.08,449.26,0,0
43666a20-e918-4042-a18f-14abff855f85,705,10,46558.84,38683.65,4,0
ec4cedc1-7220-433b-b8f3-e1318432333b,597,1,24582.67,7314.85,1,1
b119a6c9-430e-4052-98b4-cd127e6389c0,388,9,33393.78,23297.47,0,0
80efee8e-8bc1-4d05-9be5-28c54e63995d,448,9,42551.51,2687.89,1,1
8bc098fc-35b6-4326-9a3d-2b8b16066c6b,454,4,15308.58,6171.94,5,0
889345f9-653b-4f51-aa27-35fc74d1fec1,794,1,24211.99,9861.08,4,0
ec42269a-4ada-4362-9b1b-1ecd44b73007,753,1,2001.53,2.33,0,0
eb71e7ef-0f49-471d-a68a-f6068ba861d0,522,4,9952.3,6044.65,5,0
df62905e-5df7-4353-8fd9-4ab0b4202e08,689,2,29494.32,6596.29,3,0
49b63cd8-8a17-4384-b88a-e5be2d3d1f9d,744,7,47555.6,3254.25,2,0
d8e60a6f-2420-4883-b18b-bfb5d165c897,511,6,40133.75,5970.05,5,1
f05da538-16d4-4bb9-84b5-2dd258852270,394,6,33410.82,971.33,2,0
512822c9-0335-4df6-9ce5-0d4878a0c2f5,385,7,9989.0,2942.39,2,1
b11f7eb0-4719-4fa3-90b3-c06f080a2201,822,8,17710.39,14427.0,2,1
d771b761-c183-44c1-a7d1-d7f9bdd12fc4,330,3,19533.48,11194.72,2,0
71cb6eaa-91ba-41a8-ae45-df8362ceced3,807,5,1291.47,1139.79,5,0
cf6b5e81-eb6f-4f78-a190-fef654dcf9b3,731,4,11746.82,1708.21,0,0
f92decb2-8f92-4060-a3e2-15e27eef29a7,703,9,43421.41,25316.02,3,0
b933844c-c971-491d-912f-c7ca19e0e5ba,838,3,36123.56,871.22,5,1
03abd1d2-ab43-4670-bd81-3f58ec2a9d12,740,6,18897.89,9259.4,5,1
46a404d2-ad22-4ea5-a034-551860209b27,774,7,39950.65,32616.07,4,0
b0d1630a-b0cf-4662-8bc9-3e15c76ca850,488,3,48417.21,45523.8,3,1
8c894f6f-66ff-402d-ab41-9e2dbac9ef21,326,9,17785.41,14417.99,2,1
2f6bc4aa-5077-440f-8060-414eb1cfb0d7,720,7,45551.58,20138.39,2,1
9eedd333-c478-4138-9547-0a2f1362113b,570,9,14293.99,4350.03,4,1
ba045c2b-505e-4ae8-a7e5-afae560e2ac4,424,5,23496.08,12422.75,2,0
93a962a0-76bc-46d1-ab24-0417de4270d3,731,8,3724.66,2730.6,1,0
bac60412-ac3a-4399-a574-04eec6205d34,763,4,11094.77,9068.69,0,1
ee6c3663-3538-4246-90dc-16d75a039ebc,602,1,13709.29,9738.53,4,0
9a3fb401-75f5-408c-a739-9c98e113465f,669,5,47167.91,27227.47,3,0
515db09c-08d8-44f3-b739-8ee0274cd606,677,4,12932.14,797.36,2,0
adf09925-03f9-4728-86a2-3e33583b2275,800,4,22902.93,11915.04,0,0
4fb4567b-cb75-4e96-8595-7dc28b3725fa,436,3,22591.74,3390.99,2,1
e6f4c42c-5db0-400b-acfa-cb904a3e1ce4,350,7,21793.37,12703.6,0,0
8986b821-2c9a-4e01-95be-3100dbfb9b2a,413,9,39099.17,8835.12,2,0
2bab995f-4f9a-4e23-85d0-da7b838e156a,838,9,39926.23,39230.65,1,1
b41e3f50-00c1-4463-91af-ce613bbfa64a,789,3,39823.59,33076.45,4,0
1c538f6f-81f6-475d-a418-5173145847e3,491,5,40320.24,39091.33,5,0
d5fba720-2d96-4e53-b107-3027adb98f28,578,1,3446.55,918.57,2,0
f9213bb4-f94f-4dc5-bce1-0f2575358f24,351,2,6625.35,4723.34,5,1
ddaea5ea-ee56-4077-95ec-6132754b12d0,559,2,48463.98,10190.29,4,1
52b421b3-fc12-43e0-9e02-620e08229d9f,419,5,1095.39,612.4,0,1
433bec77-28d4-41f0-954a-c60df0d6f478,443,3,34502.02,23172.81,3,0
331ecc9f-e0ed-4b73-bd0c-ee846f05a9c5,433,3,44054.65,14290.09,1,1
7c26c1ff-8800-4f19-9a70-077f7a81ea40,434,6,39423.12,27519.43,1,0
d50f8af8-e8a0-49c5-9c0b-46e514dfd965,526,8,21841.67,8246.46,5,0
e4cdf761-c81f-4581-9042-3ce1f6da8d2c,754,2,20036.41,9001.44,2,1
8a8e7181-5947-4795-a990-1ed1a94c342d,351,3,6074.92,2077.81,3,1
b263a80f-23c9-44ad-9aa9-0251bfc023c7,317,2,20651.65,1762.15,4,1
bf5577dc-5d0c-4528-bae6-34675799f65c,339,5,22824.74,6832.24,5,0
40b38f90-df9e-4833-8edf-6a6d3801f73d,302,7,12983.13,2750.44,1,0
b097c7c4-2ce5-4dbb-9568-e80a79426143,812,6,46539.39,13701.7,0,1
4acc5901-ed63-492e-9dd9-210c8c173a03,424,6,25002.49,3757.9,4,1
d6b65d93-738f-4130-abec-54ab624db6f4,814,2,20940.73,12715.94,0,0
c2fc818e-c37e-498d-bd22-0299ce19f32e,646,1,25016.12,18123.3,2,1
8f0c0445-bce6-4aa6-b701-a978049e4216,317,4,20501.68,2110.56,4,0
506dc939-61b1-4da5-8f86-8c6b35aa5ff4,556,6,47604.01,46176.72,0,1
a2815042-c781-46ce-a918-efed44bab5fe,664,6,27839.54,19394.21,0,0
218c1d6a-6541-4a64-9cd6-69b5e178e6a8,635,10,29017.69,22215.43,1,1
0bf8a902-379b-4860-920a-5c6c6a752ff9,452,4,14743.36,2357.67,2,1
3278a82c-af7c-41ad-9fd6-aedc582d004a,667,3,49524.6,10772.12,4,1
082f04dc-e85e-486b-a860-4587dc203462,818,5,25821.07,13019.62,1,1
9e491ec1-b84c-459b-9e12-5de411544edd,349,2,2327.65,771.07,3,1
51f8712c-e38c-4eb5-a9ad-4d08d746f7a5,729,5,5390.29,1397.99,5,0
3a5a8e27-7e8b-4b22-9d34-74ea5bf2c803,633,2,27570.14,4324.72,0,0
dc398ac4-947a-4549-a9a9-e4f7ba6899d1,579,4,30242.79,23365.93,1,0
7d27b63c-6b98-4b68-829a-3d91cbe0dbf3,333,7,28491.36,9917.69,0,0
a5c186b8-3da1-4852-abc0-5bd76952ff8d,632,9,8316.83,7732.43,2,1
6c52a887-92b5-4d27-8373-8899473a5907,526,10,16062.82,11095.97,5,1
778998c2-82d2-4f24-8e83-9ef5034026e0,365,9,17190.67,11457.42,0,1
1bf1a201-1060-4a7f-8f71-6796e6166fdd,423,3,46210.71,5376.08,0,1
cda515d6-b0bb-47fb-8663-8d163304c0fe,310,10,48076.4,3212.86,1,0
f82c7ebf-253c-43fa-9c80-770fcb2fd72b,513,4,33726.53,16408.93,2,1
21e7fd12-aca6-418e-9582-283e2f363c5a,784,7,23314.04,14564.5,1,0
80fca530-5a8c-437c-a4e4-948ff1568b63,731,5,27393.41,8044.89,4,1
32e09379-860b-4430-a576-b025935de16c,467,6,46564.43,22485.26,4,1
aa66cf7b-9dcd-4d5d-82b9-682a7ee39261,383,3,22430.91,6730.56,5,1
e344dd4d-24ef-4d1f-9a46-990acc1730f9,726,2,28939.83,21660.2,4,1
30fdd6ba-eabb-450f-9fd6-9e5e202b4f37,595,3,7694.34,6718.49,1,0
8ba08b29-afc4-4e89-9fb6-9e2e456caee7,499,5,30096.19,2555.74,1,1
93b5129e-5bd9-454f-ab04-7de0beafdf04,813,6,33951.24,9619.85,5,1
3a4f091e-6ba1-4d3d-8624-3e9dd5b60fa7,494,8,3029.33,1552.18,0,0
02156f35-f51d-4df2-9f6a-5959dd89e44f,785,3,25782.19,20720.63,1,1
9732d9d2-87e6-4ddd-98b6-78efd1d8d551,463,7,48004.04,9502.9,0,1
9c7e18ee-06ce-4db9-8312-c6d5cff22e5b,353,10,15264.66,4961.69,0,0
ed45ac3f-f40e-4bf9-9193-b5f5da58bbae,758,8,27807.57,7762.3,3,0
2ccfb152-e717-47fb-912e-5fe600ce152c,332,2,29887.67,28042.32,1,1
88b751e4-4d51-4914-b433-f941ef9fcc1d,395,2,30715.76,23794.35,4,0
0573a6ff-d418-4ca3-a175-1c1b85a5974d,402,7,2394.2,322.74,5,1
a1183fe9-95f5-41a9-b8b9-042a48017d4e,737,7,34359.69,11553.11,3,0
64d2d808-9d73-49ba-931e-ec8641d35ec5,469,8,4472.2,2309.52,1,1
1c293fa0-15fe-4cae-92ff-6ed2a0ced5f1,492,6,48812.6,16189.7,1,1
9838cfc0-c409-4e4a-a639-74a21faa6a41,809,3,20680.09,13094.61,5,0
5baae00b-cc27-4b41-8d43-73c0bf0cadf4,663,2,4961.72,4519.25,0,0
7ccd4f47-a79b-4b2d-803e-e7a67a6f17d8,388,7,32446.94,9410.23,4,0
7edc51fe-a8c4-4427-8227-554fd20d7403,650,9,19926.81,2424.43,5,0
909626b3-f41e-40bf-bae3-4e7bf85a2536,526,6,30825.97,20600.15,4,1
44c4434d-4bcf-4d73-b3fd-0c42318aba2d,586,8,40895.49,21028.03,2,1
bf8f87a1-19a0-481f-a745-9203b23fe0d8,663,3,14160.55,7247.01,2,1
3a7cf5e1-c541-4383-bd6e-64a1680a1c42,780,8,7713.17,3275.91,3,1
e580fb7e-5554-40bb-83cc-765d553fbe73,567,10,6839.62,4790.96,4,0
cff0bceb-1d3e-4b99-860f-625d839e2a23,795,1,13935.67,12272.36,5,1
51c14b3e-e628-41ce-b579-d54103426be4,728,10,47359.38,25607.37,1,1
109068d7-d414-463f-a0b5-3529d3118dbe,613,7,49072.45,36328.29,2,1
b9232960-b8e9-4766-851d-fba62b5e52fe,741,10,12283.86,303.08,1,0
62d1833a-95e7-4076-9f50-0899f5c8b051,382,9,44886.44,14686.69,5,0
c992ae5b-4b20-4b42-b07e-a0a8cfb2fe54,375,2,3754.31,1470.31,3,0
ee345eee-0267-44a7-895f-6b2570cfabc1,795,1,29718.07,21367.87,5,0
a2e3feaa-42fe-41d5-ac2b-d55a424c30b9,330,1,24539.05,14464.75,2,1
e5230586-11b2-482d-9198-621469a48f94,338,7,26332.36,50.05,0,0
248c4913-24f8-406d-ba06-28ffa4e3e61a,662,3,45528.99,19955.39,2,0
63b53d2e-d3d0-4779-80d0-b07c37e9516a,481,7,11266.65,5981.22,0,0
e18e8b4d-ad4b-46c9-affa-d07763ac3a0e,770,9,37260.62,19762.62,3,0
f8a8f2b5-e254-4fd5-80a8-c5d2a604ec9f,808,10,23270.58,21323.54,5,1
323b0c41-7a95-4fc5-9a4c-bd8451c7bc16,401,3,17124.41,3131.38,3,1
1a0685ae-1c1a-4362-ae7f-2297d383b194,352,2,11048.67,110.26,2,0
facd5f05-9473-4f62-b0eb-f49b13d2dead,374,10,1774.47,1099.48,3,0
81b924a5-2417-4592-9bfc-a88188a5abd9,399,4,10644.4,5000.73,2,1
2b6510f1-272e-4fdd-8d4d-a0778f5f11dd,400,9,33298.88,30289.6,2,1
39427f8a-9d23-42fa-8e49-c2a34c69f7f4,701,8,13694.77,7109.52,2,0
1ab256c1-b4c2-4e33-8365-3874c05f2313,652,10,27014.24,25888.97,3,0
783b1a2c-d27a-4c09-b459-9e6caab25347,803,9,48252.31,21319.26,2,0
a766c84e-0c4d-40d4-bb9b-64c1ab06f491,686,3,22203.25,4444.93,0,0
ecb4d48e-90d6-4b6c-9d63-5326c36b1fdb,621,6,28113.77,2535.43,4,0
f829acb7-a1b0-4f0e-ab0c-90616656bb42,675,6,34831.38,27853.3,2,0
a6aa1343-15ac-4cd5-8c58-b9a5a58882b9,686,4,13241.42,12778.45,5,0
2fceeddd-0843-43c4-9911-5e796e835ac0,743,4,43892.41,32711.79,5,1
e88d3760-9257-47fc-90b5-011c95572cc2,782,6,11942.09,2136.06,4,1
cea70697-ab32-4267-9555-655280393da1,800,6,33031.06,19753.14,1,1
83950687-7582-4996-9bcc-83aff83b6705,334,6,2327.53,1582.91,3,0
1e8b1e4b-daf3-464c-92d6-c5bd9b25f826,706,9,21482.42,231.68,1,1
c1eb3484-f0fc-422e-adbe-ad2e35287d19,695,7,20105.35,13940.32,3,1
36f6c04d-8b64-4df7-b1a5-b0bf3296cc5e,391,9,31524.53,20289.02,3,0
e156d9ea-1ac5-420e-b33d-67d2a6b55559,672,4,40078.26,10644.37,0,0
50812300-958a-4136-8ec4-121d0b37045d,725,8,23564.81,17465.77,3,0
d6990ae6-21af-4800-a42d-9cd91934690f,482,1,33605.84,12678.8,1,1
22282ae2-fc2a-4b72-8bac-0b50831fa475,467,1,38990.19,5978.04,4,1
25e95951-87bc-4b06-9cff-cdc0fe93d946,361,5,49123.95,41200.7,0,1
87641d92-b23a-4ed4-a906-2874da8947bc,600,1,37919.36,30625.44,2,0
a64f9995-4429-47af-9f27-5000a8cb22a0,747,2,6289.26,165.97,1,0
5e383f0a-05fd-465a-872c-1beea2381b8f,826,8,13246.16,9438.5,2,1
e9c6f293-9bee-4ef5-a2ec-ad8b4a23c9d7,786,7,15781.85,9285.97,1,0
3181c281-c9e6-4725-8947-6ff8f2da5a55,783,7,43341.33,38225.75,2,1
e4a87ab9-f803-4cb7-9a23-842d370c0e53,513,8,15729.74,14321.77,4,1
8e5d22f5-5512-40fb-b9a2-fc82ab4dbcda,812,4,11605.8,10621.74,4,0
1b4c090f-d03a-4adf-9ee7-c61eac589c39,400,5,14694.44,8027.27,1,1
fa896094-b2d7-42e6-84a3-c2653eec433c,437,1,42934.99,2795.51,0,1
08d0394d-0c30-4b54-906b-5bdf25883ee3,489,3,22146.48,4329.53,1,1
d609bcd7-914e-4a97-a651-2abd278dd5e2,463,2,8039.15,1667.14,2,0
db3b247f-2436-491d-8c18-44c68bdbd73b,723,2,15527.33,234.79,1,1
bf952ec8-8fd1-4c41-8715-adc9d2395ba4,782,3,5943.86,1040.78,1,0
f0e39b0f-a757-4d25-b0ff-40eb84a7a369,481,10,7684.73,3103.91,3,0
5dd225ff-f13a-4d12-af42-5e978dc617bd,526,9,49519.54,36431.29,4,1
4b31625c-3b7c-4134-9149-b8e784a99764,439,10,37121.78,15771.2,0,1
1c050bae-4af9-438b-9bd8-0a065e00cd92,330,8,10421.79,2599.85,5,1
ad84beee-e65d-4cf0-a068-3ae8f0857e6b,447,10,40856.79,239.46,3,0
cff7cd09-c8f7-4d70-8561-4928b0bbfd5e,372,1,40416.74,21556.83,2,0
aae8c377-6d8e-4a09-97ba-263b1acec933,679,9,36233.03,26131.08,0,0
510d801f-ddcf-4030-9d66-508bc0c339ed,684,5,39083.74,3094.3,2,0
b2d87fb4-0022-49d5-be35-690a50373087,454,5,33628.27,9747.57,2,1
49901b7d-8a59-4a2b-910a-3c19d7a3bbbe,828,2,17145.13,442.67,5,0
520bd0f3-d01f-4b88-a46a-c98d6da2e57c,387,2,3088.76,1176.42,5,1
f5372a2c-9fd9-4a34-81f5-39cbde6efd9d,340,9,15085.6,5443.78,5,0
c5132129-6773-40a7-a035-57839918d2fd,743,1,24873.09,3142.37,3,0
9d6def54-e9d8-4746-8e5c-f777d995324b,735,4,38104.39,6299.04,5,0
342ad25b-5a61-4a77-9f0b-8ea47a8f8ab6,816,9,35746.82,35536.92,1,1
da90afa8-3ae2-413f-8f4b-7d56059b1bd4,401,7,46766.26,28185.57,4,0
b237931d-163d-40da-89f0-984d6703b04c,407,9,29943.14,24011.91,0,0
a8dc3bb3-6532-4235-9e51-dba90648a06a,361,10,2640.27,344.15,4,1
f8acf8d9-dcbc-42a3-ae6e-0d0f634189ac,389,8,9323.54,6287.19,1,1
1751864f-6ac2-41ad-88f9-955375c36de8,757,2,30988.99,24899.36,3,1
d4b63b9c-6d28-463f-8e62-a227de63a972,332,7,26000.49,9607.7,4,0
4e38991d-bf0a-442c-92ac-44443fa3f73f,712,9,40906.48,7148.56,4,1
8add9572-978f-4f8a-af61-a41ab644deda,474,3,29613.91,2815.6,2,1
be667b07-0ed3-4960-8eda-dcf776948b17,535,4,21503.34,4911.33,4,0
c0d60a4e-485f-4f73-96fe-fb76af506f20,752,7,46016.94,14170.68,0,1
5833ac30-bea3-48ad-839d-165eae598000,685,2,39705.23,29765.44,0,1
fc94da94-224c-445d-80b4-db9d432b0455,636,6,46714.71,35625.15,2,0
c2d9e258-343f-458a-b68c-00ca50e00ca8,752,2,40971.38,38104.71,0,1
78149bf5-4ae8-453c-9a5f-61686e3cdb1a,363,6,42458.05,39772.07,2,1
5bbb8028-fdfb-4b0f-8e9c-9f6148342cc9,799,4,2582.72,2442.49,3,0
2b85b570-5478-47cd-aa8c-1de03015ff71,433,8,23619.61,8064.3,3,0
e4c65054-bdca-4d6a-aafe-e4a255a9a1d2,802,6,36146.97,3240.5,5,0
b869777f-8300-41a3-92ec-ba777c45733c,734,4,31980.62,12685.38,3,1
7a50b698-00fb-4425-978f-c1a2661571ce,365,1,22992.7,13212.74,3,1
a2dc2161-5fc2-4ce0-af93-d20e07d608e9,694,1,40470.2,10852.42,5,0
b0f6ced1-993a-4a6c-997d-679f4bd9d0d7,556,4,7401.24,1539.67,4,1
b23326cf-19a1-4018-a493-fa0d433870b6,654,8,16692.99,5595.15,5,0
7ff3555f-f258-4e38-8dac-81812bcd88c1,824,5,18653.02,7219.76,1,0
8a99540c-254f-4ebd-8d55-b32518b2fa37,808,5,12385.69,10773.23,5,1
d07e2dbd-fbfc-4513-9f80-a2f5e81dc9a5,608,3,6056.04,4888.24,4,0
4f5ed46d-766c-43db-a5f4-7f7b67db7b1e,761,8,14727.24,14566.65,4,0
44098b41-4f8d-4202-896c-ac241ac4a7d9,518,10,16721.85,4659.0,1,0
83cb52c6-b41a-4b01-9cbc-0c7bc6fbf1bf,833,10,1063.56,481.89,4,1
4ad5f70f-8de1-4ce3-8cad-6bce0c3af4b8,721,3,43705.13,33311.17,5,0
a43f1df8-7125-45a2-b478-f6a57b2b89cc,521,6,24585.36,22634.89,3,1
07a22f43-047c-46ee-839a-57a3bcfb6599,541,3,25905.45,17072.17,2,0
4cd56967-eee4-49df-abdd-044c1af67ab0,625,5,43655.56,10034.13,0,0
12e87174-6332-4e10-9304-872f3460e833,663,3,45818.39,14260.63,0,0
51b4def4-f452-4e7d-ba46-4311cca44e84,346,6,21530.02,2756.2,2,0
49b7e53e-e7d5-4285-910b-173b9717c669,601,8,22239.92,6223.77,2,0
e2bf2f6f-d2ab-4f72-aa91-efdc64a5262e,537,5,32015.92,25453.71,2,1
4f7af242-a495-4220-8da5-391f07357cfc,310,2,22442.53,35.05,0,1
fc9ac451-17fc-45c8-b584-f0483fcc71c3,457,4,4443.79,496.92,0,1
db9806df-b863-45c0-8ea8-91cc6766f24f,571,10,42479.59,6428.8,1,0
35d82d8f-b42d-4fcf-8fe9-5dd1fe0e7e77,354,4,10670.52,6033.52,2,1
63d3a879-5939-423b-9d84-7de9d764c747,402,8,23088.63,5035.12,4,0
4a9776e2-fb69-4a26-8875-5cdbc6b3d76f,723,6,12153.31,1766.67,0,0
41bf2982-9ccd-4776-9e30-40c53d07ca8c,743,10,20510.57,6177.93,3,1
58b26ece-364f-40bb-a789-7a5d6508f3eb,663,2,1630.09,1561.24,2,0
bdac0eb4-53e2-4091-bd4f-04cee831feb7,500,10,10305.24,7104.63,2,0
12006b76-ba69-431d-86e2-cd3357538313,798,10,32644.88,1628.24,1,1
79511c89-6cc9-4652-a05d-25289780cda9,320,10,3420.87,106.94,2,0
189e2d53-f607-4d24-8075-e63aeee67d86,544,4,18866.71,17411.2,0,1
564dc648-5e1f-4bcf-9c9f-3ae4df977cc4,360,7,7686.86,6659.7,3,0
cc2fb5a5-878d-48d1-bb73-b256e53a453b,660,8,3912.46,3437.56,5,0
0843c73a-596d-49b5-bb80-47bf202b5e57,774,10,38311.53,10257.34,3,1
9554936c-3c26-41aa-9288-5ac063aadae1,751,3,26782.24,6870.96,4,1
8da166b9-e365-445d-9e55-c1463e1c4b67,527,8,32235.21,27248.78,2,1
54cd3a42-2c3f-4a76-bc06-ed6df3577375,627,2,20460.8,429.31,2,1
cb94a501-a7f4-48e8-8de8-f974c555b508,599,2,37067.81,566.81,0,1
e97fa11d-1a6e-4a83-b383-3249629775a0,618,1,23590.59,7071.64,1,1
c9127eb9-209a-4354-86d9-aa187893297c,675,10,26793.14,26439.58,2,0
b4c0e471-0780-44b1-8805-9433772e17b3,642,1,9797.95,5874.4,2,0
18be3e73-f47b-499e-946c-04a84aa6f9f5,377,6,4045.23,574.7,2,0
769731e2-e046-4379-a16b-af0bf46e76d7,845,6,9504.75,3635.81,3,1
ef2520ba-6031-4fab-a123-c988c8b4349a,476,8,37568.83,6436.83,3,1
42bc16d9-bf80-4b6d-916e-7a8bf02fea2a,637,8,4096.2,1914.43,2,1
e2b1fa49-9e20-42a1-bd80-661dfbf6b07a,619,6,27627.08,21440.17,2,1
74ee9d3d-1ba0-47e9-8c42-58b43051612e,387,4,20685.07,7428.26,5,1
f05332f6-bc9b-4bdc-a5d0-dc9f5654fef6,713,4,31647.44,23608.68,3,0
28251f0f-100f-4e2b-9190-c5f987661bcd,315,7,12946.22,1234.64,2,0
6cbe1d73-0c80-4aaa-86ef-22f6934402b0,486,9,24692.07,5755.26,2,1
af0f72ae-72ed-4e10-b1b1-66efd381ced8,602,10,25638.47,22991.7,2,0
17a5e9fb-af96-4458-aeb2-c572acf98cd1,407,4,22172.54,3427.93,1,0
38f42f39-a710-459b-a6d3-d92a09de08e4,470,10,37333.11,7240.37,3,1
736d9ab7-1458-4a8a-a5a6-741fd0e67aed,328,1,48702.64,15216.83,4,1
3945876e-9573-4d5b-acac-9d62c92d43cc,747,6,27678.3,1315.2,0,0
135e607f-d35d-418c-b763-572eeaebdd36,586,9,1914.06,1697.28,1,1
4788db9a-c326-446d-8c10-793901ddf227,677,1,9203.18,5673.54,2,1
94ca9abb-1810-490a-b0e4-d4105dfec723,676,9,45200.11,39356.39,4,1
cfdabae2-a00d-489f-a90f-fed368c09772,563,7,23477.66,1581.05,0,0
3becae61-5cde-40f3-956e-b2a237dbd9a5,483,10,11248.89,7925.47,2,0
c0fcd527-8143-4325-a3b8-5202b14a05e5,563,7,12717.53,7871.28,0,0
4aea2760-0649-47d3-91df-bc459925345c,684,6,7470.6,2397.15,1,1
8178b7a9-7c45-4000-908c-cbe4ca1492f7,536,8,30512.25,888.65,0,1
45cabbe9-4621-45b2-bd92-ffae34199398,379,9,43455.33,27953.91,2,1
6c67e00a-f2c0-4da2-aad8-a04cbf7efc89,485,3,44825.39,17063.99,1,1
153cc4bb-b26c-41b7-a226-3c37c3999383,730,8,36870.9,27727.47,0,1
a24dfbe0-aae7-4768-9ba3-561333d684b5,709,3,24932.4,6551.59,0,0
8fcd1047-380f-4e29-9693-0f07c1f14470,450,1,42611.08,16491.33,3,1
61c7a904-8061-496d-b3d4-f1f06b323994,642,3,25563.64,15210.82,0,0
983aaad2-b804-453a-bfbd-30fcda9e2cac,369,3,15818.47,4981.25,2,0
54f07aa1-c92d-4cb7-ad0b-1ede31c1eefa,556,5,44517.66,11561.59,2,1
ef4a0f37-6469-4652-b1b3-393e66f6cecd,790,1,7759.41,4997.2,2,0
ecd9d2d4-7aff-410f-bcf9-0ad365f84034,487,10,30028.15,395.45,4,1
f01276a5-f5c5-4b51-b69e-598339a6092b,464,8,2874.19,225.06,2,0
870b4286-a58e-46b4-890d-c357ee5ac034,432,3,16418.92,543.86,3,0
655481ae-a4fc-401f-b094-9d112e822438,596,10,26370.48,7610.64,5,0
942b908f-cb4c-47d7-b299-c1bccfdc9407,382,4,22603.01,7520.23,3,1
93f6f3b9-282e-412f-b5e7-8f44f6c61ef9,507,7,40246.44,30370.04,3,0
52517a1a-0ded-4b31-b281-ef8ce877cef4,488,4,23649.79,3604.78,1,0
98d180b0-e21f-4e2d-a48d-3b1c0891b809,658,1,37741.88,22275.03,0,1
c5dffa94-27ae-4c84-b2a3-60a17ce788c0,524,5,47662.84,5310.41,1,0
6b9eac24-ce2c-40b1-8ea8-27496f04d6da,624,7,22024.33,17825.15,2,0
990e214a-d0e2-4c23-ac8f-99b87d7676ab,483,5,24878.11,15967.0,5,0
be092a99-c4c3-450e-b27a-f8b67e8c3756,699,4,35789.73,25181.83,4,0
659ffe86-5e6b-4234-892e-b9a7a3cdbd29,614,4,13266.76,12495.22,5,0
0ae7b5ae-fc8b-4605-9948-05893ecb7282,429,1,9480.99,3214.24,1,1
c51de8c9-6152-4511-a764-f2c2a9b423de,377,3,41197.33,1678.66,2,1
e1a6424c-e6dc-4b15-a3ca-89343e4c9201,552,2,7480.5,1158.1,5,1
60dff6bb-4b9b-47f3-9eba-1c2e84c7df63,438,2,6761.57,3450.11,0,1
5e4c990e-4d17-4429-ae9c-0cb7b2e83354,320,6,33211.21,5137.94,4,1
ef3034b9-bf3c-476a-b848-958efb1e48b1,434,8,44047.58,13216.11,1,1
416151ef-5514-4f34-b23c-c53a021e5c06,761,2,22879.67,900.26,4,0
58898b7d-3993-4990-8295-d6187e125a5a,820,7,12201.06,4178.94,5,0
0282028e-70cc-4b1a-a20b-a349a6684e1b,637,3,9075.55,728.87,1,1
1545fdfc-54a0-4bc9-9f70-088944c59aff,479,6,38130.61,14203.46,1,0
f2ee4e87-0f8e-4e05-9e10-aabf8efb1db8,484,8,48406.94,3905.66,4,0
3c8d396b-5b27-4b2f-bb93-1939efd40346,772,4,33932.54,133.4,0,0
394f944b-418e-4642-aa31-8441f0cb6809,790,6,25117.05,14737.84,3,1
c53d2c50-2f53-4747-a7cd-dde3150f4bfa,753,10,49040.17,7940.75,2,0
2b1b08ae-70bf-4902-b05b-b12e4e0f236c,839,8,28344.81,5598.89,5,1
7080fea6-f28f-485d-836d-a2b5360ba961,820,1,39498.06,19325.25,5,0
0c53c294-98d0-4526-a909-f61d968deaa0,820,2,11633.76,3023.15,0,1
ad815707-8ccd-4b73-9cef-38620c7221b6,698,9,49158.94,48019.17,0,0
26a51ad5-3742-4ec1-b9d5-da38707176d3,663,7,1683.15,660.08,2,1
ea346cd8-9abd-4204-aa74-95fb0a303722,430,6,10633.72,5976.93,4,1
571a69c0-bd4f-435c-b841-ddf30cd1d4a8,579,2,9620.87,1525.0,5,1
c9be8b92-1c1a-4441-b596-87d007f9a83c,410,5,20028.3,12939.29,1,0
3f7e9ac8-cb91-46eb-9a76-a5ac8b2e76a5,772,1,33256.77,26621.39,2,0
6918b143-0b8d-442f-a2ae-d067dc929fee,377,8,42377.92,30676.46,5,1
d2cec7de-2661-40ce-9736-0333cb6e39f2,722,10,16309.66,13975.66,0,0
5f3aa867-e0fa-4c79-a5f2-9f1ab566672c,671,5,1573.6,1272.66,4,1
a2c6155b-7a85-4b80-9144-31b98d91e83f,788,3,12263.69,4458.22,3,0
cad3beb3-339d-49e3-8cf2-6ec5e6051174,681,9,25773.19,4982.71,1,1
a4e4fb4a-20e2-44cf-a3a1-71ea32ba2632,687,2,1407.62,229.12,3,1
46d50def-920e-4848-8122-b009ddf7060e,758,2,38102.8,2490.87,5,1
1ac9e08a-1d58-41b1-9744-0a929de81269,414,6,19427.21,3833.67,5,1
1a9e8cca-8088-4868-9b98-7d4310993688,682,10,40210.46,32692.97,5,0
18514211-e801-49db-81bd-c0403f93990a,669,3,17570.22,4338.35,1,1
1f77dd12-b39e-4ce0-8eb3-8ca11598b63e,738,3,10985.05,8081.56,2,0
cda86158-3617-47eb-847a-0d0ceea66f5b,553,4,48913.37,1449.93,0,1
6c8de41b-f251-43d4-954d-4e562f8b2fda,415,8,31425.58,19736.94,4,0
07704dea-1647-4899-8bd6-1b40ea824960,304,8,2805.39,222.17,5,0
fa961880-13c2-403b-8bd7-0a4cd064f910,701,5,9489.14,7291.92,1,1
8dfb364f-4491-4ea8-8aa6-0d1487f8214b,532,10,12641.15,8425.06,4,0
8d56b15a-6778-4d9b-84a3-33dc2d886fb2,606,9,21535.25,680.36,2,0
1bc665fe-8d31-4681-a85d-d091f0bedd8d,539,8,30685.73,1283.41,3,0
06dc8997-979f-4174-8504-346f74730873,429,6,43361.96,11441.94,4,1
d59bfe0d-c04c-4b2a-a13b-6e98db2fde1b,638,5,13591.73,7649.12,5,1
98e41857-2c40-48ee-a0ce-72cc7e35259f,654,8,14604.89,4022.73,4,0
0c3d3aba-5358-408e-b71e-84fcd74e8db5,657,6,46700.68,30281.75,1,0
9cee0af8-c309-4119-8354-9a8f2aee7450,532,5,12305.93,778.76,2,0
107abe52-19ff-4c8b-a37f-9d639889f03e,784,9,5795.48,1729.61,0,0
48448385-f779-4a06-8d37-869484e1ba2c,569,8,19552.56,18421.63,0,0
af4df2dd-9bb1-43bb-ab4c-8b7d5fc922fe,370,2,34776.09,5312.52,4,1
21b49fab-f7cf-4678-a308-f899c266a246,414,1,46586.03,4994.76,2,1
5d621a16-c219-41ae-aa9c-b1695d8787b5,325,7,46827.44,43096.18,3,0
7e7d372f-8583-44b1-8518-9cbc9528962c,584,9,24676.77,8537.69,5,0
06f3b73e-55d4-493a-913f-66a812298ef4,494,8,23219.9,18235.78,2,0
b37c3002-6037-473b-80b6-01be37d56c98,820,1,49008.11,29518.19,5,0
b9006c08-ec66-40e9-8255-124ca96ba44c,678,10,46121.99,38253.46,0,1
5bedcc5e-5d55-4192-b968-3db69fc67596,649,10,44562.67,33684.46,1,1
8fe4d832-e648-43ef-8a30-bd429a463b96,694,4,2702.9,1890.73,0,1
d2010d2f-b22d-4431-a2ca-54f75d3843ed,384,8,24481.62,23389.89,5,1
8b8cc484-8f7f-4998-9567-b615ab5f07fb,342,2,32912.44,8760.08,2,1
98e221a6-80ce-4b4b-879d-b6272ff30382,433,2,42144.19,164.66,1,1
18b502f2-600a-4f14-b31f-a8b65f205b53,699,9,37916.25,18056.2,4,0
9686db7d-7d3f-4522-835e-13c3476f33de,777,9,45078.4,12569.11,0,0
b011c768-5be4-404d-9264-dbaa6c8d8744,462,3,17648.3,4048.01,1,0
ddc0e571-d9c7-4476-945d-c9572d9ccc39,570,3,13814.92,4357.06,5,0
ac2c4434-2a0e-490a-9cdf-a2112490ffe1,609,9,30763.09,2063.49,1,0
92289710-21c5-40ac-bc47-9ac772d1cfe4,849,7,43324.85,20421.99,2,0
59929417-4b95-41b0-a0de-06f9ddc3c465,430,5,46230.17,4149.83,2,0
7638f8b9-5011-4d5b-bc33-58f9462ab5a9,758,10,28177.58,11564.28,1,0
35fc92b4-2b49-4cde-bf5d-d6e7bb1da96d,395,8,46055.69,8870.25,1,1
8ce73b4b-05ae-413e-8f69-6536a066b177,592,7,11719.83,11013.67,0,1
85dca6df-1e8c-45a6-8b76-76d1aeb291e8,820,10,28384.33,16758.28,5,1
ef94693a-9863-40d6-8a9a-3e40f2440373,572,10,49522.49,15671.61,0,0
ad5a5be8-2e2a-473d-b1b2-eeaf7c5a57e2,622,2,45802.6,37191.28,5,1
e4c66a0f-0d13-4c57-8a65-01434fde73ac,389,10,34598.01,22684.68,2,0
174ce129-c924-4b3f-9e38-de25021cb9c2,334,4,17406.85,3058.26,2,0
90a2da9c-e4b7-44eb-8569-7d3528e297d7,524,8,3200.44,1671.49,5,1
f94917bc-44a2-4818-b12f-d13def428370,330,3,6415.44,2573.26,2,1
361e3df9-3cb9-45e8-b3b2-d91b1ebad71a,344,10,41354.33,18691.67,3,1
965044c4-2c7b-4eaa-9c21-f6623b8fe639,676,10,47294.72,21935.61,5,0
68632374-d457-4956-a642-1d9a8266ceb4,351,7,21935.54,13321.02,1,0
167d63ff-14e8-4ed0-ac28-0a440f52acb4,665,8,30057.35,12195.6,0,1
f494d48f-817c-4682-8efe-08e0a095c7ef,413,10,22043.55,16662.04,4,0
b903a899-d25f-4234-a31a-331b152e13cc,509,7,10560.76,7708.26,0,0
136e6f93-0439-4b5f-8890-c8005bf319a5,457,2,7769.72,1477.44,3,1
f3ba986a-811d-4ad7-a709-607a88f76a75,415,8,22720.72,19468.57,3,1
a4f1a12c-d243-4253-815a-bd31441f1955,322,6,23439.96,20193.14,4,0
1792ef71-fd70-4a71-bf62-1d8cad974a8b,310,10,17984.67,12821.32,3,1
da2b657d-e66f-44d3-8bba-1329ec637b5d,578,5,17013.54,3372.14,5,1
5379170b-95b1-43f8-97fa-d77b85300094,480,8,5201.89,4743.14,1,1
f9046ab1-ae97-45db-bb2a-fdc8632f7b27,625,9,2196.2,1565.87,5,1
e3ca4953-91bf-418c-aa48-c8fa8b2eca67,766,6,37857.29,28070.38,5,1
776c4500-4a23-4225-bd1b-4d25e213e6b6,594,10,24517.3,1625.7,2,1
9c080fc9-fb46-456e-bdc6-e69d29f024bd,383,9,41900.05,10417.89,1,0
47dc2682-7655-4bb1-9c95-bb5eb04d5d5d,521,5,45092.5,19363.51,1,1
b9bdc57e-4552-4fe0-9201-8c863484e4c0,785,10,10008.34,5486.31,0,0
2ce12e63-8bd0-43da-bd82-99cfc6c4ee22,825,3,49243.42,19688.74,3,1
a1208c4d-4904-4a63-8dfe-1750cad8926f,361,8,3957.39,2781.97,2,1
66952dfc-c349-4325-be07-9cda5e0b4921,315,4,46578.88,43437.67,0,0
3313e8ce-80cc-4b75-a249-390a0415a14a,340,4,45689.66,37399.62,4,0
80acd229-28cf-4a32-aaa2-2683d374f70d,632,4,4624.1,2051.13,0,1
aeaeada4-f1ee-437a-887d-60bd151e61e1,565,4,10683.81,4031.15,2,1
d86e2a33-e535-4110-b37d-38b136e2c74e,461,1,14875.06,3030.51,3,1
6d0bd991-a82d-4384-b480-74f7d235d82c,569,6,13476.59,5853.8,1,1
d87e18ca-4ac7-4e84-b760-7ab6e4cbbb48,676,3,47302.56,13052.19,1,0
438df16e-1505-43ca-9b6b-0af2e1e9bb7f,784,1,36939.61,27070.31,3,1
7ce53041-5f4a-40de-a4b9-3c3b77b056fd,363,3,44718.96,22862.13,3,0
11c6902b-8d0e-4aae-91bf-7f8ec45d9b3a,818,10,5398.8,2310.29,2,0
88f8c383-0c23-4a31-8d66-af432d1de0a8,439,10,32643.29,27485.41,2,0
c3b0511c-0b59-41c4-9f2c-55ce908a93b8,399,4,19948.07,18694.56,0,0
d469db9f-76dd-4937-ad5a-050b8f39312b,421,8,43862.42,3364.37,3,0
92bf6ba0-648e-4572-b8c7-e3ae8b852d9f,841,3,37937.34,36019.75,1,1
b63a0895-8e47-4708-b6fb-cae893db3dbc,558,7,21608.87,15301.83,4,1
6114be2a-fe18-49db-8d85-43d0e8b59cca,778,4,49109.27,1509.98,4,0
8f3e7761-809a-4284-91ad-1d7faa1bf3a2,651,6,45277.14,21986.11,0,0
cbc656a3-a8cc-4fba-86cf-15b113807140,320,6,33617.59,29558.97,5,1
dbbb0370-4517-4515-9565-f5d7f222ca1f,746,4,3279.94,115.25,2,1
6890a252-5da2-4da6-b765-92a52cb8949c,755,4,23391.26,8339.67,0,0
410e8c41-ee98-47e5-82f6-07351d2cd440,624,3,39996.43,27990.58,3,0
62a1f5fe-67ff-479f-8353-b1b3cd0d697a,740,5,7446.17,3082.47,3,0
36915c04-e944-44d0-8532-9b4f10866e59,766,6,29707.63,28865.98,5,1
f8bf80ee-8f8e-4431-9c18-a1c858387d53,350,3,14970.04,14563.92,5,1
4a7064f2-3450-42c2-b688-107f22b954c3,317,6,3372.05,207.34,0,1
e8ca6587-ace3-4be6-b943-bcfdfc8260a7,488,7,36364.65,5911.48,5,0
52395c01-e634-4436-9a35-64c9819e7bfc,336,10,25262.51,16396.52,0,0
c432c210-4f46-4829-8768-866a2b42b061,613,10,24934.78,20365.93,4,1
d6e6b17d-7e06-4bbd-a85b-d26b11a4b969,761,8,4989.07,940.0,1,0
9df9ff00-4d6d-4aa3-a2fb-6ca3fc4551f6,319,2,6694.98,5782.83,0,1
bd8857fa-8d4c-4de9-8400-8ca47c8349d7,550,7,36659.78,21091.44,1,0
a00e7746-799a-4ed6-92be-5b690f229b24,616,9,35017.4,21189.44,1,1
dfb5b393-0869-4e37-9d46-4fad65302883,489,6,14834.28,7028.75,0,0
38db4750-5468-439c-b7c1-cd9d944890ac,839,4,20420.1,13865.17,3,0
9262d0ac-08c0-44b7-80cb-737167942a18,356,8,39138.72,26854.84,1,1
72831ed0-85bd-45b1-9882-36d1ad168b6b,753,4,14074.13,13594.77,3,1
ca419770-5ff2-43ca-94b9-9b7ca1f863f8,442,8,48302.33,15476.22,0,0
b4b6d931-42e0-4060-b918-9ab86246faf1,631,3,38471.78,10406.4,1,1
84d6beec-a4cb-49ea-9cfb-5cb450ff0211,651,4,10882.27,8255.1,1,1
bcd2bc4c-9add-4228-bcc7-5b014321eb7e,311,8,36041.93,6401.68,3,1
d277a83e-8b7f-4279-af34-1cae180931ad,349,9,35669.48,35324.52,0,0
29897223-7bee-4ec5-be36-73b5a4f1204e,722,5,29282.85,19160.55,4,1
8678a00a-1fed-4fd1-afe0-bc8e3416901b,581,4,26410.78,17461.78,1,0
dd3ca2f2-0bfe-4c67-b244-5010bf97fc64,334,10,13782.56,7003.93,4,1
314ccb0e-c250-449f-b94d-f547e46e55aa,404,9,14101.62,1535.85,2,0
19f093af-ff48-4bb3-aade-598ebcfd8a10,768,4,34366.83,23491.68,0,0
9899fabc-9092-461f-bcea-db8a42b0a7cb,330,6,34463.63,5554.55,0,0
1f36d9c1-4d42-4b65-b9bb-b2141f485752,449,5,8963.19,4640.77,2,0
fb8a7b8c-4dbf-416c-a3e0-201a5bbbccea,421,6,36406.26,29735.65,0,0
d1e5236c-247a-4284-a3f8-4b5dbc7f5f59,516,2,48383.59,32641.28,4,1
f39b5fe5-7b56-4b32-8718-d46da80b358b,494,3,4872.19,1078.79,4,0
6be51750-931d-427f-8fac-84b4b26b2ad8,479,10,4658.48,545.71,1,0
6ddd907b-5a7d-40fb-8a44-21c3867943e1,731,1,10016.21,7059.32,5,1
e1776dc6-49bc-4190-9c20-384ea7f0f6ec,446,1,47582.61,25383.42,1,1
dea4b1d6-41b1-4703-b0f6-895fe10b4170,439,9,31239.4,6774.33,3,1
92036e24-8b54-4c68-a5b3-ff366629f678,662,4,34114.67,17161.24,0,1
7284b9e4-ce31-4e51-9579-b0d708f188c1,341,5,25625.69,11426.4,0,1
b33c910c-544b-487c-a48b-32cd270b74db,782,3,13599.97,5488.28,1,1
653a55ba-bdfd-4083-8d19-6fa1019d14a3,588,1,49591.32,18608.79,5,0
f8e37d14-fce4-4a81-87f2-67caa0a9c6cc,763,1,34592.92,2477.26,4,1
f62ded45-ad4a-43c8-8bb7-be31468ae91b,655,1,37537.08,35839.39,2,0
b144e8ee-9aad-4c2a-897c-df08166f182d,531,6,16199.36,3143.61,0,0
ec36c282-939d-42c6-b6b9-af99ab9cbe16,723,9,14554.28,10342.07,1,0
06605543-88ff-49c7-b8ab-b6fa359ae951,666,10,11358.69,7889.46,0,1
188ee2cc-e89a-429d-8785-2f001b32218f,720,8,5237.4,3323.15,3,1
cc78c0d0-f422-4439-9fd9-fddede5723c8,495,1,11567.52,7999.84,1,1
6ad61ca3-e27c-4fe1-8a2d-3a0d1557b819,305,3,31386.98,8081.92,3,1
0fd0c226-0bcd-4a20-b9c7-eac19d5afbf2,545,6,24863.31,564.63,2,1
1314bd50-f226-45f0-8817-cb1c6e083600,607,1,1547.69,111.58,4,1
145a40e2-d813-439f-be78-6c3faf79b0fb,838,3,15710.6,6079.17,3,0
e0bfb108-9a82-46bb-a230-43cc69acf92a,379,3,7272.31,6878.87,3,0
e432e021-7980-4d64-88f8-998dccdc62f2,459,9,49197.22,1073.27,5,0
f1f9f434-b9f3-4f0c-892a-655431d3c80b,519,7,44067.94,13136.93,4,1
6c2c6bd8-4235-417e-9791-6f1c6fa94687,678,6,26529.85,25881.29,1,1
527fa965-14f3-41c1-b4c5-677bc6d44183,824,1,40491.17,7011.81,1,0
b8f12209-7ad8-4681-bc87-48438c4276ef,381,4,23200.69,13903.56,1,1
11f583b9-3535-4715-a7d3-429cf46a701e,373,5,15387.3,3617.13,1,0
2f110a8b-24fa-4b71-89cb-42684870c74f,526,3,20998.89,4870.05,4,0
f83c0f13-4595-4cdb-8afe-0fb1e1cbb192,842,1,47456.48,40825.5,1,1
66119e3f-6f16-4d5e-ba5d-971eacc50bcc,694,5,34973.19,21052.17,2,1
369d6823-d11a-4430-b7d9-c94e11fb7fcc,755,3,20965.73,18378.35,2,0
d223b1de-a816-45f8-b10c-d3af1a6976f7,393,6,8017.26,7869.42,0,1
1f5a2b66-034e-4000-961b-5eb2b3a40bd3,689,6,15165.49,11573.46,5,1
4ef6a4a9-6d47-4292-bc30-238cab198cd1,615,7,6477.19,5464.75,0,1
ac5b1373-5d3c-43b0-ad34-0cc95c73401a,630,7,26027.03,5847.6,4,1
1c90d26d-93dc-400b-9cbc-ff6b8d4cf058,350,3,10861.64,5517.67,2,1
9def69c6-5604-4fed-afed-383accfb5491,811,4,28361.66,25654.74,4,1
2346d97c-2d93-49d7-bc9d-356e4506fac5,586,8,48287.53,22674.22,4,1
f0a4e20b-7d78-400f-b524-aa9153a4ecca,668,8,37533.87,24658.35,5,1
35300bc6-84cc-4373-9388-a0672f686e93,622,7,38133.25,17867.95,4,0
01c4386d-bfc0-4ada-bea7-d382a628d7f9,355,6,21692.43,13767.36,1,1
bcf7eb01-7129-4a02-aa77-e260636532f3,791,5,10816.8,2868.45,0,0
e884f85c-e570-439c-ba32-df06d3e82100,758,9,16611.02,15743.57,3,0
18f4d51c-4e39-4f79-9aa3-3361f1a0bb80,487,7,31268.65,10007.15,0,1
f10a6b32-e991-4ffb-a44d-7f2e679baf4f,841,10,13045.38,10980.88,2,0
b531b90b-1672-4209-9107-d5a4187b8073,316,10,21959.47,680.67,3,1
a9480725-3f6e-4c04-a38c-613cc01bc878,630,9,8141.24,5556.27,2,1
b7d5ceb9-f63f-408a-a67d-d6ba57db703f,310,7,19303.73,7137.04,4,0
f1da91e5-b70f-409b-a898-21d8a6042def,835,2,37087.6,22325.91,4,0
dc638ab8-da54-409a-a73d-cca0176dec99,808,7,44568.97,28046.7,5,1
187133f8-b77b-4cb9-9e93-9d65d7eb3bb7,780,9,36049.25,5551.09,0,1
c9dae2d0-22fb-43ee-84b1-a760cb424045,436,10,43277.62,19255.72,0,0
b53fb876-057a-4385-b374-2b0beaed3fe9,307,6,26084.6,9479.79,0,1
11a8b2ed-6224-4d9e-8c81-48f586307af8,504,7,44244.84,9120.62,0,0
da92b9e9-37ae-4ac1-91d0-3f12df1df510,308,10,19652.59,5766.49,2,1
702e14b0-8d84-45eb-8a0d-5ebdd8b58245,644,8,34311.97,25788.72,2,0
81338c1f-6a23-48c2-afa6-defd47a026d7,800,1,19215.28,8523.96,5,1
535a14cc-4b77-4563-a1ac-c8163b84c1ba,376,3,36882.97,9566.39,3,1
8b31baff-9734-4f4d-a867-ee42c4c45c96,523,3,10739.85,10.95,3,1
9c487d5a-c318-4d0e-97e0-e105a43869b5,333,9,38335.51,24178.43,5,0
cb4df756-5503-4137-ab3f-34601a341726,557,9,44666.84,6588.72,5,0
9068766f-848f-4678-9a65-a355164123a2,735,10,12553.35,10471.73,3,0
160b688c-9010-4b98-86d6-c6787dcb131f,495,6,26704.59,7900.83,1,0
1bed61f3-c51d-4c5c-a9a0-6496574666d5,814,7,19559.4,12734.62,2,0
a9ca39c1-9880-4b22-b889-1ef4bd502b47,565,9,40831.69,31031.17,0,1
7c4b1d25-6015-4e8a-9f20-a274907a4951,573,5,48242.3,38683.47,5,1
ef0acbec-0f15-4244-bb66-1da418bbfc07,703,5,6617.0,3928.09,4,1
231a2dd1-e182-4e47-ae46-b62189cba9a4,396,1,1824.4,1109.31,1,1
6a41993c-02a3-46f9-b444-5948661fd5d3,362,1,24102.41,16119.19,4,1
3cd144f5-ec43-46dd-a46e-590d6acf582b,538,4,19180.33,3119.84,5,0
01997e97-8202-40ea-b3f8-48ee72795edd,805,5,41593.77,12207.22,1,1
e34fb409-5712-4147-b7d8-8059c3e67efa,408,6,15492.96,3860.36,5,1
70ae58e9-c5bf-4616-9824-ae8752134bff,331,3,36332.64,2031.94,3,0
4e365409-0216-474e-87d2-4f70baefb8f6,752,6,11140.37,8495.01,5,0
77074be6-dc02-40b0-93b4-59069784416e,315,7,42973.15,36449.75,3,1
d7f37845-a8b8-41aa-91ee-59b4885b7b8e,566,7,29526.87,20010.32,3,0
2c7bc3d1-0068-4dab-beda-87d7d51bfdbc,526,3,20408.12,19256.61,0,0
ba3b9303-163a-4e1f-a160-c466919b2f11,656,8,20991.25,1819.86,1,0
534c0fcb-1b50-48dc-bc4c-d694bf7d818d,561,6,29224.61,24805.0,3,1
239fdd37-e7b1-451b-ae33-630abfedd280,732,4,36596.83,27469.64,4,0
d97f64be-5bd7-406c-8965-8e0e06727b3b,429,8,46400.32,27412.2,4,0
ec74b9c0-42a0-4c22-83c5-0d6bc5008e4f,576,10,9219.08,8949.47,0,0
e16319ae-879a-4cf2-b773-45e83683b775,802,10,6408.51,5662.37,3,1
3a148564-f00a-43c7-99ca-36c260d393cd,842,3,19327.62,8581.78,0,1
f1eb484d-9a2a-4533-bc9f-09fff6436a12,786,1,23023.14,12410.63,4,1
4863b573-1c59-4c0f-b90b-27d23a7f7103,503,1,35744.06,9773.6,1,0
3756695b-350b-4b27-9553-8b3ad74e8033,357,8,2924.1,353.97,3,1
1bb51464-a163-4d53-9538-956bc39d306b,768,7,16453.75,8792.54,0,1
76d840a9-25b4-4413-9a5e-9e972a69d503,723,4,31483.57,3771.76,0,1
6a075c37-bd08-4654-ad3b-5fd9cdc2a0c5,694,3,24172.2,3828.15,5,1
a9b10aad-4d43-426d-ae83-565b65b0f947,589,7,13373.43,10960.84,3,1
4f6f661c-2fe9-4ed9-9021-639eb059d029,733,1,42027.78,6067.67,5,0
a9814266-0f90-4f87-b0b2-2a8aeec498cc,526,3,44981.88,21391.89,2,0
3e89ba84-bf05-42a3-84e1-51bbd17a5065,578,3,33714.4,1665.21,5,1
2b828784-0993-44ec-8128-e5960d69df8e,538,9,9575.99,446.94,5,1
a77a161d-7d73-491f-bfa9-02b74fbe4f29,837,7,2637.44,1210.56,5,0
a1a02e4c-416b-460c-a194-9fa1a6533d57,793,1,38157.77,17593.42,5,0
cbd27609-da56-46b4-9adb-2839f5ebb56b,700,2,40918.86,8004.71,5,1
0c70936e-a44d-48fe-ac75-9d4ac7738006,626,7,34306.39,5251.01,4,0
baf0a757-4f1d-489b-aa59-1ccdbd8cb7b3,444,8,13970.27,11848.99,3,1
0e510f97-ae8f-4bc0-a07b-07ec2c06bef5,823,1,47788.76,30629.31,2,0
81aaf577-cd76-40dd-ba68-c6728fbfff3e,668,1,29824.02,13875.25,0,1
3f27611d-4228-4644-b95f-4aa010ce01a7,488,8,21867.59,19416.35,4,1
a4193457-ec6d-45d8-bf20-5fac6e06fbe2,516,2,41608.69,34390.24,2,0
71f15edb-46bc-49b1-adf1-65ee69a57f8f,752,4,40738.08,8131.02,5,1
0b2614b4-a8cc-4bc9-a4c9-1966ba5822da,671,1,17829.91,6489.74,4,1
b40c7764-33df-42de-8594-9a378b4c2df7,449,9,17530.99,8991.18,5,1
f87774a4-874a-42be-8e42-16ecfde847c0,764,5,26448.21,8480.71,1,0
a837fac4-1f4d-4efc-b284-9852e5fbca24,704,6,36321.89,32549.43,1,1
44f7f8be-f6dd-4b33-a6f3-f0a8d3652f26,315,7,36944.65,17939.81,0,0
f8f84f9f-0c97-445c-bd24-ab06c46b3a33,422,6,39459.21,15320.38,1,1
adee0adb-51ca-4709-bf68-108e003165d0,766,1,44080.71,43070.67,4,1
479a8b5c-b83a-48da-91e8-76e471b5c519,773,2,21164.17,10286.97,4,1
2a654f06-69bc-4731-8a49-89ca6c26fdd6,410,9,27427.06,22523.77,0,0
bafc29ed-b5c4-4046-b619-bdd151232d51,360,6,14653.32,13976.48,0,1
bf5e1d9f-1aa1-42ea-bcf4-6e6d3654686c,699,5,42705.88,32172.97,3,0
2a34604e-a1dd-4710-8f0d-4c79d7d5ae12,766,8,35545.35,6791.72,2,0
2cb31d64-854a-4c2a-8446-9a28c9168365,535,3,40032.39,37909.55,0,1
2c7fc977-59d4-4d56-8d03-0d14b2d27132,600,5,41067.09,24872.37,0,0
ee72532f-2b71-4094-94f2-052bcbe67de2,628,8,44155.69,26655.01,4,0
95fb9d39-ec1a-47a6-abff-a71046c2fd00,694,9,26917.89,5135.44,5,0
40f0ee94-cba9-4a35-8c54-bff67bed6399,614,10,9351.55,2806.61,3,0
9220f538-6f2a-4232-9675-d7cf43e48d1b,557,7,45005.51,21581.02,3,1
104b73d2-f9ab-4b54-bbc8-1fb78e51a5ca,719,1,36191.85,35850.02,0,0
46d87bb2-e0e4-4460-8fa9-3c6a6c60bd3b,351,8,20488.62,11412.47,3,1
e13d540e-8453-4d8b-8ea4-4a1ef8fa8b72,608,4,37009.8,19695.75,1,0
4349bdf9-0799-4fea-a499-5131b5f8cba5,656,1,7558.48,6711.0,0,1
a44635d5-4dc7-47de-8bfc-e6437f5dbc74,640,2,42885.48,1063.05,4,1
2b132cf4-9ec8-425d-afd2-d2a92e779f1b,623,8,47765.83,23549.54,5,1
a871ce28-e5f8-444d-affe-bc07a28ff266,545,7,21011.05,17250.99,2,0
8993ab6e-2f7c-4d63-ba45-178bc42501fe,548,2,25482.07,1013.39,3,1
cc6a86f5-bcd7-4b29-a39f-4ac8f6812e3c,314,10,23774.92,22015.02,3,0
83de22a5-57fb-4878-bee8-1c5371faaec7,767,10,25277.7,11502.49,5,0
439f0cc5-2a0e-433c-acad-9a5ef1878c7c,511,2,31257.67,3448.83,3,0
59b4916e-05bf-440d-90b7-8f136482a91a,355,6,13727.09,12348.03,0,0
9f91facb-69c3-4a16-a23a-f8f0a1c89263,488,10,1408.26,701.29,0,0
df94b7f9-0aee-4898-968a-afa79bbdbcc5,311,2,18931.87,14335.08,1,1
70f6ac2e-908e-423d-845b-854da38c9965,636,2,16106.01,403.19,1,1
5d951529-178a-47a6-9337-e27ac657ecb3,657,2,34805.74,30317.69,5,0
e761782f-4855-4c94-aad0-40e90bb67937,823,8,39451.24,36019.09,3,0
34fa1584-27a0-44ed-aebd-6d130fea4f1a,326,6,41003.42,13097.17,0,0
261c2337-a085-473e-9225-9b96bb7bca38,704,4,3541.18,196.07,2,0
7ccc579e-c2e2-4c76-af9f-3d999f37e220,773,10,44104.66,22057.82,0,1
08203813-1a93-473f-9cc4-db4c6d910dfd,670,6,29790.22,21691.21,4,1
5648ce7c-ddc5-410c-9992-a77f04b8f233,623,2,34207.66,12841.52,0,0
cc026236-20b5-4a38-8f12-59f42d7c3ee1,617,10,6756.72,2067.56,5,0
dafe409a-8220-46ee-add8-1f233ad7ceca,327,4,46417.01,42017.37,2,0
4734846a-a8a4-43b1-b590-34f29e9ba5db,581,9,12466.12,9173.13,3,1
0f444d14-fdf4-4292-84a5-a5b1528ed713,679,9,46917.63,7839.43,4,1
04731736-3ca0-450a-9707-807c3f1ad147,445,10,6846.09,2941.31,5,1
2193f18e-2cd1-4444-b6aa-8aefd9c9f9d9,597,8,28197.87,7854.76,2,1
42c8e4d3-58dd-414a-8b63-186b81dda388,736,9,28474.14,22080.5,2,1
e3bff05f-2708-42c3-a15b-e863f23475d4,691,1,38947.68,25930.58,4,0
e42e061e-fb49-4fb8-bfaa-faf27fbc118e,754,8,37602.27,5457.14,2,0
392e1b53-66ea-49a4-b0a0-bc464e3acea5,801,5,31295.28,9317.0,3,1
8d81c3a5-c8b3-47c7-9b36-c9f5d87e9aba,667,4,46121.01,22551.12,1,1
49615379-b4e8-478d-9996-8b8febf0f96a,574,1,12151.11,5041.29,5,0
b134c5b4-74db-4e8e-ab93-8da9544b6a33,848,8,44224.27,12599.83,5,0
13cf1bd8-8d22-4f95-831b-60d545981f11,707,6,48184.13,20779.54,3,1
378fe451-9450-4522-b4f7-47bd6e7b22a7,714,2,42892.17,762.11,3,0
1b5b522b-28e1-427c-a499-a4d38631bac0,844,6,40733.85,19664.01,0,0
ac1334cd-82fb-4d12-80f5-8744c1be6283,821,3,3690.23,1913.07,0,0
f862eb23-7d85-402c-ad4e-248df535233d,575,3,31838.06,11313.95,3,0
51877c5d-dcaa-417f-a6d0-0c36e37caa8e,417,3,17974.77,5929.94,1,0
6439b312-5790-4863-957c-79faa460ac7b,568,7,10392.22,9221.08,1,0
0af92fba-93a1-4910-a43c-ae206aed44e6,459,4,41491.06,15476.09,0,1
86c13870-9f25-4eea-8d99-c3a17a31a10b,425,3,16111.25,8684.53,2,0
a79c835e-5159-4cab-869c-8c3ed5ab2c63,310,5,5864.9,2022.54,1,0
508df581-67f7-4785-a426-63d3545a4d8f,578,2,25764.04,6588.87,5,1
6e75c896-9dec-4ce3-9e37-07aac4283fe9,737,2,5197.74,1858.72,2,0
c0270258-6d18-4fdc-beba-8693d4a46ebe,478,1,16528.11,7977.03,4,0
d9cafef8-bf65-4eb5-96ff-362b1f1e150b,687,6,10529.66,5076.66,3,0
cf138f92-b1ef-4090-91cb-45db60c6769d,603,7,14587.36,1295.11,0,0
5bb165fe-a4ea-4601-990f-88b8522c7d57,615,1,42388.94,26593.69,5,0
407eff76-a63b-4e13-b91c-da644d9885b4,575,9,49945.08,48405.5,1,1
5a24bdf9-c214-476a-871e-2627093b48f6,845,1,6632.8,4084.2,2,0
41dc694a-804f-4fc0-8a49-333ab22a70fe,664,6,29803.85,282.12,5,0
2327d941-e827-4fa9-bff1-f027a702ccc2,778,2,34604.88,694.37,2,1
70eb104c-0329-4309-b4c5-9aa07c42e44d,319,2,20243.66,3273.08,0,0
cfd3eee9-d3cf-40e1-957a-e70ab4f5d8bc,731,4,28781.15,5515.36,0,1
cd84bce4-05a3-4698-b70a-22c8d36d8e3f,418,1,48098.83,38414.61,2,1
2bb30145-e743-4220-bd1a-fa4b41a7bcd0,556,7,42745.75,11916.43,1,1
171aa5b0-7d45-4579-9267-65ffe80f8046,336,4,13041.7,11386.14,0,0
695dd4f0-463d-4d0d-8f77-947babfc4b0b,817,1,25166.0,10385.54,0,1
219d5c81-8c9d-4147-8714-12a039bf2185,507,1,7303.2,1093.43,4,0
cb45c4f9-275c-4309-976b-3c3f19c36cbd,376,1,39882.98,38670.73,1,0
1b540f97-d02d-471f-bafa-3ad6d41ce44a,610,5,39445.81,23846.09,2,0
747a12d8-60db-4f2f-b643-e13157628403,473,4,3568.32,1081.16,0,1
ac368a77-22e0-4782-8d3a-52a81e138b9b,304,6,11104.47,9886.44,1,0
22dc85c2-efb5-469e-9689-fc48c7e45aef,850,10,5672.02,1206.42,4,1
aa2a3fe1-240c-4b72-99e8-86a90810c8be,548,3,38660.69,24544.33,2,0
84acbe24-24ec-496f-accc-11b55ae78eec,453,3,8468.95,772.18,0,0
474593de-7a2b-49e4-95fc-980a9a71253c,383,4,40763.01,10084.07,0,0
55d06261-10a7-4ff9-9829-75da28648b0e,828,5,48790.61,37542.36,5,0
8320558e-a228-49e7-a66a-a1a0e22b07df,696,2,48991.65,24974.99,5,0
35769ac5-099d-4d87-93f6-72dfb4f748bd,746,3,11445.83,9689.39,4,0
16401df5-6951-4ad4-bc74-2b1f51b4820c,608,10,46197.51,41822.23,0,0
4bb184a9-3451-4a4c-a83b-93858a4e9e50,537,9,34236.18,32062.47,4,0
1ba99f29-822c-4459-bb2b-fd4d8c20e31e,643,10,1556.19,63.62,0,1
543aefcc-d193-4862-ac3e-8adab693d4ad,377,7,23719.26,21652.29,2,0
5a47f0e6-169f-4f17-b635-bc21f7b31714,461,8,48954.55,29615.35,0,1
7bcdca02-09de-4686-9897-5bd44d03cc4a,487,7,25936.9,22975.59,3,0
e74dc923-d784-45b2-a16a-be66bff153be,758,6,14025.53,9470.21,5,0
b77a64c0-12ed-4d5e-b47b-ca71422696e6,719,6,21142.74,14526.4,4,0
d2e6459b-9798-493f-9b9d-bbb3f2a1ea18,511,2,46531.95,39108.99,2,0
606982f5-e147-47d3-ae9d-53230bc52ca8,731,3,25504.53,7642.45,4,0
7c7a394c-2116-4274-9a3e-e8ea7719872d,600,8,29306.53,28961.97,3,1
ae5039ee-86e6-484b-b40c-ed91d8f12173,829,2,3288.66,2377.58,5,0
dbb775bb-5008-455e-893f-d7cc7b406198,804,9,34935.6,13810.32,4,1
45829908-48e6-40e6-8be5-b8879adad0a3,589,4,30156.14,20849.27,3,0
008f7916-9ff2-46b1-91df-83df42ce1e72,742,6,34145.03,18372.89,0,1
a9191563-460a-4285-821c-8fe0f95212f2,540,4,8362.0,572.2,4,1
aefd8330-4157-429b-a5ae-4513dd4084cc,381,5,20001.56,6909.22,2,1
3ee1761c-5e50-41df-9304-3b9f2e745ea0,727,7,5671.86,1349.66,1,1
5aa4de59-0112-44c5-a1d6-53d76c2905f0,388,5,24260.54,11700.03,2,1
37021b66-9307-4273-96a2-f41fbf388189,668,1,11993.19,9230.93,1,0
717ce2fc-f5e6-486e-b7bf-9bd9508a4062,544,9,4491.36,1471.21,0,0
fc8c3458-2633-4d6f-a8f0-219f4f35f720,555,7,26058.45,14746.08,1,0
44a27fbc-4cd8-4355-865f-bc4ae3f02047,544,8,3855.07,562.9,3,1
5fd29df2-1027-4c5a-9f2c-a94cfb3aa45c,672,1,43163.13,748.72,4,0
e100e926-b4b3-42c6-a34d-ebfe1162bf6e,677,3,44215.57,37731.18,5,1
ebfa1932-12aa-4a0d-9344-046e48ca1dda,518,3,22322.11,6398.98,0,1
3e3c4f11-2710-4bac-b192-34094b65de03,706,5,27786.82,6751.03,3,1
cf42316f-d91f-4018-862a-f40d4f40de84,556,2,8416.66,5167.81,5,0
6a165d91-0df7-4b75-8aa0-5c1f8fcebfb6,580,3,14549.15,12855.52,4,1
9d96e04b-20e0-4138-a507-042d9615ba67,381,5,43725.47,14670.95,1,0
a8ddbbda-ddec-451d-afb0-57a10de6f9f6,524,5,40745.75,18489.85,2,1
24f01859-150f-4d75-b1a0-afd0c6b7c00c,422,4,22104.89,8847.42,3,0
44b685c6-2bf5-4fa5-95d6-65d01cddcd70,547,7,26753.88,7513.17,2,1
b1ed61ae-6916-45f7-9b97-81bb8b384134,729,2,4101.09,3274.04,0,1
5f671866-4823-4cda-9950-2cd8b6e4e755,426,6,34500.48,18824.48,0,1
aba559c5-00f3-4383-800b-b351cc2fe88e,601,9,9195.83,5146.09,5,1
b14318f4-de6e-43ad-b145-5f3dea84920d,570,5,37258.86,16070.04,0,0
b9901505-be27-4682-b88c-c66fc7b5f15c,311,1,3381.82,2580.27,4,1
e351aa7c-5174-427b-971c-6feee0f33a81,634,8,24648.84,10836.87,4,1
84dde35b-97fc-4d17-8755-8125cd15e134,687,5,37851.94,12175.38,0,1
b0af2a9b-a15b-4b17-9518-c8e2a87e4879,592,2,17427.04,10601.76,4,0
b58ad81b-ab69-4478-9d3e-3d43e7bab0c1,717,3,21289.53,771.79,0,0
9636ccfe-2186-4496-b341-2fef046d9cd5,388,8,1899.83,731.1,0,0
56a4d6a0-e98c-422f-88d0-baeec188bb77,428,2,13812.42,12606.14,0,1
c1a801fb-fd21-4893-9b6f-61818f69f6e6,392,5,34473.78,10196.47,2,0
67eb82c9-454c-4812-a339-82c9249e9325,403,6,14567.26,2086.72,0,0
af3cea22-0249-48a3-9c47-3b4ef613d355,362,2,21059.98,2299.98,0,1
b8302c57-d0c9-4c23-8462-f27b0441ae11,850,4,2105.41,1528.04,5,0
7f0edba6-6982-4fdc-a6df-7dbd82327527,655,9,17259.29,13481.97,0,0
2f473be8-3a55-4ae9-a497-74dcc8b2cdcc,388,5,23681.44,21968.3,0,0
87c8f39a-e80f-475d-9f29-eeb258da7a54,558,2,17266.01,7505.05,4,0
60e2dbdb-1c62-4b69-a02f-62781104d656,816,1,31463.38,19770.13,5,1
ffced631-3c81-4bba-bd9f-7eeff92a6ea1,617,6,26484.9,11149.46,0,1
069215f7-58ec-4081-9fed-cd184bfa0dc2,748,7,25078.47,1013.65,3,1
ea5554a1-17cc-460f-bf07-47a28569c8ee,460,5,31335.45,12767.56,4,1
45e66541-48c3-46d0-aa1d-acfaeecdb904,302,8,14437.93,9533.13,5,0
cb11568f-9a27-4944-aed5-a8b6c5c067a8,663,4,45957.75,37760.77,3,0
5059f15a-a64f-4377-b1dc-c82ee408dd49,352,9,16679.72,5065.85,5,0
3fbce892-c935-48f0-8d1e-c056cff6c90c,506,6,10510.79,7994.84,3,0
ba3711e6-0da4-4d5c-b4bf-bdd487e2d675,802,8,42586.1,5960.19,1,0
11fc5847-52d8-4b19-9515-3680b2396a98,321,1,44678.49,25562.43,5,0
b3d85bea-8e19-4033-93d3-33d41e5e924a,560,2,49449.99,41496.86,1,1
b15636c6-978a-40b4-9b3f-b28180aa854f,608,9,20666.83,16529.74,4,1
2f60b62e-a346-4415-b50f-0f58c0afef7f,503,2,20919.62,9460.12,3,0
0f125a7d-51e4-4b24-8640-d1b99c886ac0,471,7,49969.79,34272.76,1,0
e61dae1d-a5bd-46b8-8e97-d102abf0a783,757,5,25219.65,5629.27,5,1
3e0b12b2-6742-455d-97fd-61ad8fa6f017,839,8,44737.06,32749.73,1,1
22716e08-5b1c-4df7-8eed-2bc3b9ab3f5c,660,7,7821.12,454.81,1,1
123ab641-8abb-441a-b040-4fb3fce4cb95,570,8,10292.11,2502.19,3,1
f5803484-bf95-46f8-8a9b-d224f8c642cd,773,10,11693.3,30.14,0,0
2fde5aeb-35d8-4d01-8a6a-ac66c4f6c4d2,523,8,49698.5,20464.21,3,1
893e6c5e-d853-4c5e-bf86-8ac6e3a6a0e4,817,7,30555.94,19708.48,2,1
27dfff83-16f7-4d54-9bbe-608b94cd5bd6,367,4,14278.78,7786.18,4,0
78b0f356-297f-40e9-9fac-66aeb1aa3d9c,491,1,43677.91,42988.94,1,1
13e4cb26-18d5-4ac9-9d10-5d1b4ea597b2,571,6,49028.34,5218.34,4,1
8fb77ba5-5daf-481e-8894-be619bfbe1a8,625,8,43062.03,24506.34,4,0
5a11f912-acd7-4ce2-b778-3a3e239aff9e,664,6,15647.22,13388.39,1,0
9ee429f7-608a-4961-b1e3-4cc2f3fe29f9,816,3,21823.1,16189.01,4,1
930e6b71-bb40-4868-b25a-b15d2daf178b,701,6,30452.74,22740.64,2,0
0bf9e15d-fccc-4106-928e-dd74b203e21b,323,8,15624.95,2769.09,3,1
6062d229-ce7c-4d86-b339-846e8019c176,664,6,39415.15,17418.55,4,0
47b83fd1-3f59-4890-a0e4-2172c433a32d,479,6,4125.7,620.81,5,0
54013dde-3921-4b5b-87ff-8b56bf8ff987,366,6,39036.98,30180.48,3,1
e5d02e56-0b62-4611-8e8a-5725dcef989f,660,2,12026.82,2955.3,5,0
e8e4e6d5-f611-4e69-83ed-570d6d38846a,387,4,6854.16,3020.96,4,1
a764f1e6-62f7-42d4-89fb-06b7ca41dd9f,792,1,9167.95,2113.35,5,0
b3917d79-6526-4e49-b62c-fc69dc22eac5,711,6,48241.23,4165.82,1,0
e55febef-b05b-42a4-bbbc-ea50a3919f87,315,9,27032.53,248.72,2,1
31a42802-1715-4d66-b608-59b4fa65125e,644,7,43727.74,3922.79,2,1
aaa84b6b-3f77-4947-a9f9-c611610fbc9e,654,9,1010.23,106.92,3,1
8deb0a69-4cd9-4e1f-af21-8e65ec656a36,603,4,9255.1,5298.96,2,0
486ff5a1-7f22-4d5a-a4f1-64a13c1fd837,512,8,14290.0,10097.7,3,0
4e32397f-880a-4098-a065-0394b134fa2b,366,7,47760.77,2719.81,1,1
861c61b6-0c60-4c2e-93ab-dc28aea231b5,711,1,36782.04,3430.17,0,1
8e6e5fbf-c7e2-4d5a-babc-d084c2f38e64,606,1,27340.93,15480.63,3,0
6f9cc0a3-720a-4ef3-b704-ed8b513a9e4c,839,10,19327.23,7199.37,5,0
7ae34116-c86b-4a42-bd75-bce43703f5e6,545,2,29919.69,22561.56,5,1
eb2b0862-23bf-479a-981c-c668e10b8f4e,361,3,34198.75,20860.14,3,0
e7415f27-7238-462f-9949-132c33406ff6,632,3,30597.95,23831.89,1,0
dbc77062-cc6e-462d-94a7-c59ef28c39c9,535,3,49898.3,9013.82,0,1
a2ac35a0-c9ac-4066-889a-6b64cbe9f894,744,4,20350.65,5540.17,5,0
c997920b-3835-45a9-b6e0-ca97eed56bde,591,10,36773.74,30813.16,2,1
def62348-2889-43a3-971f-2f9d64239f0b,756,4,21528.76,18407.43,5,0
4fcd3769-da2a-46ed-9ac5-3b5a50ebce01,569,2,34423.35,16640.66,4,0
46612667-2ea9-437f-88a2-f66f88342736,519,1,29406.1,12686.66,2,1
309e9b14-980a-4d82-91a8-b64f637dcd75,505,3,17642.68,4588.53,0,0
7c262bc5-d386-485a-95c6-ca40994ea2d3,687,7,9005.16,6868.97,4,0
baba38ce-a366-4b45-a837-17a3f180eb0d,361,7,48796.76,16939.46,1,0
cd3c889f-6969-4378-a076-b679b95a7ecf,427,1,32841.17,18353.23,4,0
95ccea3a-68e9-407b-bd39-6bb3f2f899eb,333,2,2380.81,608.09,1,0
532f35fb-7d9a-4c42-899d-0cd73e5604bd,341,2,18345.1,10266.21,4,0
1ab24daf-a7f8-4eae-95ae-b58bdf75fc43,660,4,39152.64,36216.86,0,0
4bf47ed1-a0dd-4329-b986-c928b48fa4e4,777,7,40542.72,12165.36,5,1
dd8a2d4c-c75b-4393-9718-fbe7422e7a16,539,8,25362.74,25011.69,5,0
3e4a2801-e2b2-494d-8c4f-374be5700b9b,510,8,44586.48,24267.8,1,1
e54a8c6e-5391-4e07-b736-aab7d9c3fc34,640,2,22058.08,10185.47,5,1
94409890-ab6e-43e2-8130-f5aaadcfe8b8,437,4,10256.88,5641.33,5,1
daf04fa7-a969-4b6e-b5d2-f71b97623e2d,352,9,13607.71,4172.06,1,0
c67f2d98-abba-44ea-b347-32c5a848018a,760,10,25351.27,11151.7,3,1
d8f61c44-a3a2-4859-b4d3-84f36f76747d,310,8,40431.01,3432.41,1,0
b441488d-cc9a-477e-9e07-597c063ecb9b,481,4,48070.13,5830.53,1,0
638bd0e3-c7a8-427e-88ff-402e71e60abd,338,4,25908.32,8422.43,5,1
90480106-0697-4af7-b0cf-e95412d0de26,632,2,38512.82,17104.86,3,1
8ca9d66e-f915-499c-8cb6-2b3377144df4,401,4,19189.76,15375.27,5,1
a30979df-a55a-47fb-b281-a998064ed550,305,7,39659.09,11937.41,4,0
375fe889-682c-4b91-8f58-56c0d207da8f,788,4,3084.09,2701.48,1,0
abe3fe81-2d78-4e66-9e0f-d9cbd322afe1,704,10,45036.57,43757.95,2,0
de313964-f272-4a56-b850-b2d3556d7f78,322,7,12780.26,249.24,1,0
b8238645-0481-42ae-8c5c-c2388ee3b7d2,452,2,28931.02,14872.56,4,0
95a31aad-f9eb-490c-adbe-cdf9d294bcc5,543,1,8886.17,5205.0,0,0
d34385c1-25da-4f68-b69a-0b6f05048a51,358,6,33529.49,12963.43,0,1
1ac3f2fe-8cdc-4d25-aa34-af37a8809313,396,10,34067.55,31514.32,4,0
3adb3243-7629-479a-afdb-fe6689f285cd,375,10,42564.13,3034.0,1,0
30c71036-ab5a-41ba-9f62-d174733140bd,459,1,43847.07,572.62,2,1
e161b935-744b-435d-a3fb-d031cac56dab,422,3,37320.64,5291.76,5,0
6ab2f9af-f1d6-4545-81c0-2638a805587b,328,8,39087.08,18849.75,1,1
e1807a54-00b6-4290-8248-e77cd603d97f,349,5,33786.82,4143.57,0,1
84d05a47-e21c-4c40-8229-b0882a47539b,404,6,28427.68,26383.36,5,1
48c467fe-38fc-4a15-ae8a-0fa1ee2e17da,665,7,49442.8,10148.75,2,0
00438310-e819-4aac-a93e-ad801f5ecbfd,572,7,42802.59,38457.22,5,1
a888de3b-7364-40e4-a101-6c4534c830cc,364,8,23424.63,13507.93,4,1
27b4ae4c-50d5-419e-b167-92128b0885f3,717,10,3427.37,729.84,4,0
d4e28aa4-22bf-478c-abc6-a95e2cd2f4e0,700,10,40190.2,9942.02,3,1
791c194d-eab6-44fc-8401-69205e82524a,818,4,29484.03,6180.08,2,1
59f10c05-95ad-4511-80be-4e93ca31360d,540,9,20535.73,13417.23,3,0
60821a9c-77d2-4e6d-9edc-11747a7af475,688,7,11542.04,4392.72,5,0
b08531c7-047f-46dc-a899-111cabf34ad6,529,1,21222.34,18327.9,1,0
be72f9eb-4728-4cc6-a57f-f59690e95175,345,6,41556.49,17601.57,3,0
68c131e4-4c7e-4b84-9c5b-d91db4e8b2aa,312,5,41949.62,16051.86,1,0
71547b88-37b2-4361-b63c-c4d719524baf,804,8,15203.57,13136.05,3,1
7029e0f2-d6b7-4f7c-a786-aabe7434395e,350,6,29236.23,26699.63,4,0
dd18ed88-1090-4ae8-86a8-c120d4dab854,538,2,24986.79,9210.71,5,1
f9c9f60b-35f8-4d1c-92ca-d0a6ed385021,605,7,21689.21,19517.54,3,1
2616f05a-d3b8-4251-8e9f-07c4f94fcbd6,422,5,48655.19,4412.95,0,0
31fd929f-1e1b-4d70-b98e-658eaac49fba,508,3,42357.86,14916.23,4,0
297848e3-9a7b-492b-ac32-af02129c6749,679,8,46974.77,46249.32,5,0
49673358-945e-4b18-bf13-d8be12420c46,842,4,21627.79,19588.85,5,1
47f69f34-fe31-4fb7-8891-5ed582d351bf,368,5,31523.21,23156.29,3,1
e2a48f35-0623-462f-bfaa-3c40961f9060,422,9,31892.5,20838.5,4,0
033e88d6-3466-40c8-bb8a-61ecdbf9efe6,300,4,11120.89,10173.08,3,1
dc609cad-9580-4740-a0e8-0631e860d5dc,599,9,4665.25,1030.11,4,0
d1543b90-0d2a-4acb-ad04-a09efe767555,690,3,26521.88,23403.24,4,1
283c3e15-48d7-4d21-9a73-07bc69350b43,452,3,6984.12,4417.93,0,1
d81dae78-0581-4bc0-b6bf-7c1d78d96eba,320,3,2715.0,1655.14,5,0
9f155706-307e-4a4d-8ac0-0b2b4b82825d,319,4,12701.53,4138.35,4,1
0f4b4e4b-8ed2-436c-b3dd-af1a2eba77b3,751,9,30737.97,8782.23,2,0
9ab7ebd0-2f14-430c-b790-fa46cdd2e9e7,705,3,23910.83,5480.83,2,0
a5a89695-cd7b-4e4d-81a1-111f991c835b,664,10,39227.21,14893.15,3,0
8a2e2fdf-109b-4ac0-80c7-f87b57afea75,640,6,37627.01,8434.68,2,1
f79ac97b-09c1-4795-a9aa-cff2fb05eba8,440,3,17182.55,2505.58,3,0
c4362b5c-fc06-4954-b0e5-5b8d08d55ba8,790,8,35112.02,31204.2,3,1
81d0cf15-e27f-43b6-8e74-1184eb328703,845,3,41196.17,5973.07,5,1
7de7465c-d4c3-469a-b0ea-621eef1b72b1,398,8,22329.42,6613.66,5,0
6300232d-9930-4f16-83fb-fce0ffe49604,688,8,20519.55,15259.02,4,0
701cd1d7-dec4-491e-8a1e-e55834e7f456,411,1,38561.0,9557.99,1,1
